I0,I1,I2,I3,I4,I5,I6
11.85714,100.28571,54.85714,57.14286,5.51754,452.38876,599.08282
11.85714,100.28571,54.85714,57.14286,5.51754,452.38876,599.08282
11.85714,100.14286,54.85714,57.00000,5.48094,448.64383,594.61639
11.28571,100.00000,54.28572,56.85714,5.24304,434.41306,572.29156
10.85714,99.71429,53.85714,56.57143,5.07834,424.67624,556.89508
11.71429,98.57143,54.71429,55.42857,4.71233,403.70459,523.11450
12.85714,97.71429,55.85715,54.57143,4.34632,378.98801,486.80469
13.14286,97.57143,56.14285,54.42857,4.11757,359.51434,461.48730
10.85714,97.85714,53.85714,54.71429,3.52281,316.07300,400.31317
10.57143,97.85714,53.57143,54.71429,3.15680,292.10538,364.38324
11.28571,97.85714,54.28572,54.71429,2.91890,273.38068,338.98010
11.57143,98.00000,54.57143,54.85714,2.70845,256.90295,316.55032
12.00000,97.57143,55.00000,54.42857,2.61694,249.41306,306.58963
11.14286,98.00000,54.14286,54.85714,2.46139,236.68025,289.65469
10.85714,98.14285,53.85714,55.00000,2.32414,225.44542,274.70676
10.14286,98.28571,53.14286,55.14286,2.16859,214.21059,258.67960
9.71429,98.42857,52.71429,55.28572,1.98558,199.97981,239.18362
9.85714,98.57143,52.85714,55.42857,1.90323,190.24297,228.40240
10.14286,98.57143,53.14286,55.42857,1.71108,177.51016,209.26518
10.28571,98.71429,53.28571,55.57143,1.56468,169.27130,195.49924
10.42857,99.14285,53.42857,56.00000,1.29932,155.78952,171.36215
10.28571,99.42857,53.28571,56.28571,1.16207,146.80167,157.42180
9.71429,99.85715,52.71429,56.71428,1.05227,137.06482,144.78090
9.28571,100.14286,52.28571,57.00000,1.00000,125.82999,129.45258
9.28571,99.85715,52.28571,56.71428,1.00000,118.34011,121.71625
9.28571,99.85715,52.28571,56.71428,1.00000,118.34011,121.71625
9.00000,100.00000,52.00000,56.85714,1.00000,113.84618,116.81580
9.00000,100.00000,52.00000,56.85714,1.00000,113.84618,116.81580
8.71429,99.85715,51.71428,56.71428,1.00000,107.10529,110.11276
8.71429,99.85715,51.71428,56.71428,1.00000,107.10529,110.11276
8.71429,99.85715,51.71428,56.71428,1.00000,106.35630,109.72843
8.71429,99.85715,51.71428,56.71428,1.00000,106.35630,109.72843
8.71429,99.85715,51.71428,56.71428,1.00000,107.10529,110.11549
8.71429,99.85715,51.71428,56.71428,1.00000,107.10529,110.11549
9.14286,100.28571,52.14286,57.14286,1.11765,116.09315,121.22733
9.14286,100.28571,52.14286,57.14286,1.11765,116.09315,121.22733
10.57143,100.00000,53.57143,56.85714,1.64706,140.80975,163.60928
11.14286,98.85714,54.14286,55.71429,2.28235,172.26726,213.85062
12.00000,98.57143,55.00000,55.42857,2.74118,187.99599,245.38931
12.57143,98.71429,55.57143,55.57143,2.96471,197.73285,261.77463
13.14286,98.85714,56.14285,55.71429,3.15294,212.71262,280.00525
13.14286,98.71429,56.14285,55.57143,3.25882,225.44542,293.11038
12.71429,98.71429,55.71429,55.57143,3.49412,247.16609,317.83163
12.42857,98.71429,55.42857,55.57143,3.75294,262.89484,339.72003
11.85714,99.00000,54.85714,55.85715,4.10588,280.87054,367.33453
11.71429,99.14285,54.71429,56.00000,4.41177,295.85031,390.83237
12.14286,99.42857,55.14286,56.28571,4.76471,317.57095,420.81467
12.42857,99.57143,55.42857,56.42857,4.98824,331.80176,440.11453
12.28571,99.71429,55.28572,56.57143,5.18824,345.28351,457.87897
12.28571,99.85715,55.28572,56.71428,5.42353,359.51425,477.69833
12.57143,99.71429,55.57143,56.57143,5.69412,372.99603,498.58051
12.57143,99.71429,55.57143,56.57143,6.01177,385.72882,521.02502
12.28571,99.85715,55.28572,56.71428,6.27059,397.71265,540.34351
11.85714,100.00000,54.85714,56.85714,6.64706,414.93936,568.28418
11.85714,100.14286,54.85714,57.00000,6.95294,428.42111,590.60431
11.85714,100.14286,54.85714,57.00000,7.27059,443.40085,614.42871
11.57143,100.00000,54.57143,56.85714,7.51765,455.38464,633.17474
11.14286,99.85715,54.14286,56.71428,7.70588,462.87454,646.31458
10.57143,99.85715,53.57143,56.71428,7.83530,465.12152,653.32172
10.57143,99.85715,53.57143,56.71428,7.83530,465.12152,653.32172
10.14286,99.71429,53.14286,56.57143,7.95294,468.86646,660.86066
10.14286,99.71429,53.14286,56.57143,7.95294,468.86646,660.86066
9.71429,99.57143,52.71429,56.42857,8.10588,474.85837,671.44122
9.71429,99.57143,52.71429,56.42857,8.10588,474.85837,671.44122
9.85714,99.71429,52.85714,56.57143,8.14118,477.85434,675.02142
9.85714,99.71429,52.85714,56.57143,8.14118,477.85434,675.02142
9.85714,99.71429,52.85714,56.57143,8.14118,477.85434,675.02142
9.85714,99.71429,52.85714,56.57143,8.14118,477.85434,675.02142
10.00000,99.57143,53.00000,56.42857,8.10588,477.10535,673.02985
10.00000,99.57143,53.00000,56.42857,8.10588,477.10535,673.02985
10.85714,99.57143,53.85714,56.42857,7.87059,469.61545,657.99414
10.85714,99.57143,53.85714,56.42857,7.87059,469.61545,657.99414
11.14286,100.00000,54.14286,56.85714,7.60000,456.88266,637.76758
11.14286,100.00000,54.14286,56.85714,7.60000,456.88266,637.76758
10.85714,100.57143,53.85714,57.42857,6.88235,429.91910,588.94513
11.28571,100.57143,54.28572,57.42857,6.11765,398.46161,534.79590
11.57143,100.14286,54.57143,57.00000,5.82353,382.73285,511.39026
12.14286,99.85715,55.14286,56.71428,5.61176,366.25510,491.08682
12.85714,99.42857,55.85715,56.28571,5.43530,350.52637,472.82895
13.00000,98.85714,56.00000,55.71429,5.28235,336.29559,456.58813
12.42857,98.42857,55.42857,55.28572,5.02353,316.82190,432.18732
11.71429,98.28571,54.71429,55.14286,4.78824,306.33609,414.92444
11.28571,98.28571,54.28572,55.14286,4.55294,297.34824,398.66400
11.42857,98.28571,54.42857,55.14286,4.30588,286.11340,380.33029
11.71429,98.14285,54.71429,55.00000,4.05882,274.12958,361.46616
12.28571,98.14285,55.28572,55.00000,3.81176,260.64780,341.58307
12.71429,98.57143,55.71429,55.42857,3.55294,241.92310,317.71732
12.14286,99.14285,55.14286,56.00000,3.36471,230.68826,301.92538
11.14286,99.85715,54.14286,56.71428,3.17647,221.70041,287.60971
10.14286,100.14286,53.14286,57.00000,3.00000,212.71255,273.79913
9.28571,100.57143,52.28571,57.42857,2.75294,199.97975,254.34900
9.14286,101.00000,52.14286,57.85714,2.62353,191.74089,243.13243
9.14286,101.71429,52.14286,58.57143,2.43529,176.76114,224.91417
9.14286,102.14286,52.14286,59.00000,2.27059,167.77328,211.59866
9.14286,102.28572,52.14286,59.14286,2.03529,158.78543,195.03909
9.57143,102.28572,52.57143,59.14286,1.92941,155.78949,188.15361
9.85714,102.42857,52.85714,59.28571,1.69412,149.04858,172.76886
9.85714,102.71429,52.85714,59.57143,1.50588,143.05669,159.81529
9.71429,102.85715,52.71429,59.71429,1.42353,139.31175,153.37042
9.42857,102.71429,52.42857,59.57143,1.30588,134.06883,144.18811
9.14286,102.85715,52.14286,59.71429,1.23529,127.32794,136.66656
9.14286,102.85715,52.14286,59.71429,1.20000,123.58299,132.70439
9.14286,102.85715,52.14286,59.71429,1.20000,123.58299,132.70439
9.14286,103.00000,52.14286,59.85714,1.20000,122.83400,132.30287
9.14286,103.00000,52.14286,59.85714,1.20000,122.83400,132.30287
8.71429,103.00000,51.71428,59.85714,1.31765,125.82995,140.48625
8.71429,103.00000,51.71428,59.85714,1.31765,125.82995,140.48625
8.14286,101.00000,51.14286,57.85714,2.34118,171.51820,222.46112
9.57143,99.57143,52.57143,56.42857,2.71765,195.48581,255.90131
10.28571,99.42857,53.28571,56.28571,2.91765,207.46960,273.16583
11.42857,99.14285,54.42857,56.00000,3.25882,229.19025,303.44116
11.85714,99.00000,54.85714,55.85715,3.47059,244.17000,323.21664
11.71429,98.71429,54.71429,55.57143,3.61176,258.40079,339.22137
12.14286,98.57143,55.14286,55.42857,3.90588,277.87445,365.81702
12.42857,98.71429,55.42857,55.57143,4.12941,287.61127,382.71539
12.71429,98.57143,55.71429,55.42857,4.29412,297.34808,396.82779
12.57143,98.85714,55.57143,55.71429,4.36471,303.34000,404.08835
13.14286,98.85714,56.14285,55.71429,4.63529,319.81772,427.59204
13.42857,99.00000,56.42857,55.85715,4.82353,333.29947,445.28674
13.57143,99.00000,56.57143,55.85715,4.98823,348.27921,462.90192
13.57143,99.14285,56.57143,56.00000,5.16470,363.25897,481.04816
13.85714,99.14285,56.85714,56.00000,5.36471,376.74075,499.28918
14.00000,99.00000,57.00000,55.85715,5.60000,388.72452,518.18817
14.14286,99.00000,57.14286,55.85715,5.81176,399.95932,535.47906
14.00000,99.00000,57.00000,55.85715,6.03529,411.19412,553.30450
13.85714,99.00000,56.85714,55.85715,6.37647,426.17389,579.04883
13.71428,99.00000,56.71428,55.85715,6.57647,432.91473,592.72638
13.85714,98.85714,56.85714,55.71429,6.74118,438.15765,603.75006
14.28572,98.71429,57.28571,55.57143,6.82353,441.90265,610.01904
13.85714,98.85714,56.85714,55.71429,6.90588,444.89862,615.77014
13.85714,98.71429,56.85714,55.57143,7.03529,450.14154,625.17163
13.71428,98.71429,56.71428,55.57143,7.15294,456.13342,634.56061
13.42857,98.85714,56.42857,55.71429,7.25882,461.37634,642.90497
13.42857,98.85714,56.42857,55.71429,7.25882,461.37634,642.90497
13.28571,98.85714,56.28571,55.71429,7.34118,464.37225,648.64117
13.28571,98.85714,56.28571,55.71429,7.34118,464.37225,648.64117
13.14286,98.85714,56.14285,55.71429,7.42353,468.86615,655.41815
13.14286,98.85714,56.14285,55.71429,7.42353,468.86615,655.41815
13.28571,99.00000,56.28571,55.85715,7.47059,472.61108,660.11322
13.28571,99.00000,56.28571,55.85715,7.47059,472.61108,660.11322
13.28571,99.00000,56.28571,55.85715,7.47059,472.61108,660.11322
13.28571,99.00000,56.28571,55.85715,7.47059,472.61108,660.11322
13.28571,99.00000,56.28571,55.85715,7.47059,472.61108,660.11322
13.28571,99.00000,56.28571,55.85715,7.47059,472.61108,660.11322
13.42857,99.42857,56.42857,56.28571,7.29412,460.62726,643.94781
13.42857,99.42857,56.42857,56.28571,7.29412,460.62726,643.94781
12.28571,100.57143,55.28572,57.42857,6.71765,433.66370,599.69055
12.28571,100.57143,55.28572,57.42857,6.71765,433.66370,599.69055
11.85714,101.14286,54.85714,58.00000,6.16471,410.44507,559.02240
12.00000,101.28572,55.00000,58.14286,5.71765,387.22647,522.95978
12.42857,101.28572,55.42857,58.14286,5.55294,375.24268,507.33551
12.71429,101.28572,55.71429,58.14286,5.42353,364.00784,493.83182
13.00000,101.00000,56.00000,57.85714,5.30588,352.77304,480.86020
13.28571,100.57143,56.28571,57.42857,5.24706,346.03217,473.60440
13.28571,100.28571,56.28571,57.14286,5.16471,336.29535,463.23389
13.28571,100.14286,56.28571,57.00000,5.03529,327.30750,451.24026
13.14286,100.14286,56.14285,57.00000,4.87059,319.06863,438.18420
12.85714,100.00000,55.85715,56.85714,4.52941,304.08887,412.58221
12.85714,100.00000,55.85715,56.85714,4.29412,294.35205,395.28180
13.14286,100.14286,56.14285,57.00000,4.04706,281.61926,375.37195
13.42857,100.14286,56.42857,57.00000,3.83529,268.88647,357.06784
13.71428,100.14286,56.71428,57.00000,3.62353,255.40471,338.25983
14.14286,100.14286,57.14286,57.00000,3.45882,241.92293,321.64679
14.85714,100.28571,57.85714,57.14286,3.22353,226.94318,300.74991
15.00000,100.57143,58.00000,57.42857,3.03529,218.70432,286.52902
15.00000,100.71429,58.00000,57.57143,2.78823,211.96344,270.54929
15.00000,101.14286,58.00000,58.00000,2.43529,203.72458,248.45140
14.85714,101.42857,57.85714,58.28571,2.28235,196.98369,236.56819
14.42857,102.00000,57.42857,58.85714,2.11765,185.74889,221.29321
14.00000,102.14286,57.00000,59.00000,2.01177,180.50598,212.65144
13.57143,102.57143,56.57143,59.42857,1.90588,172.26712,202.20367
13.28571,102.85715,56.28571,59.71429,1.84706,167.77319,196.44641
13.14286,103.28572,56.14285,60.14286,1.72941,159.53432,185.37222
13.14286,103.57143,56.14285,60.42857,1.62353,152.04445,175.35109
12.71429,103.71429,55.71429,60.57143,1.54118,147.55054,168.32263
12.00000,104.14285,55.00000,61.00000,1.40000,140.06067,156.37883
11.57143,104.42857,54.57143,61.28572,1.31765,135.56674,149.28535
11.14286,104.57143,54.14286,61.42857,1.25882,133.31978,144.73109
11.00000,104.57143,54.00000,61.42857,1.23529,132.57079,142.97505
11.00000,104.57143,54.00000,61.42857,1.22353,132.57079,142.29587
11.00000,104.57143,54.00000,61.42857,1.22353,132.57079,142.29587
11.00000,104.71429,54.00000,61.57143,1.32941,136.31573,150.51987
8.14286,104.71429,51.14286,61.57143,2.21177,160.28333,216.83527
8.57143,103.57143,51.57143,60.42857,2.40000,179.00803,238.75267
9.14286,102.71429,52.14286,59.57143,2.67059,200.72865,266.69873
9.57143,102.42857,52.57143,59.28571,2.84706,211.96349,282.97717
9.71429,102.57143,52.71429,59.42857,3.02353,220.95134,297.75952
9.71429,102.71429,52.71429,59.57143,3.31765,235.18210,321.86807
9.57143,102.57143,52.57143,59.42857,3.55294,245.66791,340.48358
9.28571,102.28572,52.28571,59.14286,3.76470,257.65170,358.93970
8.85714,101.57143,51.85714,58.42857,4.01176,275.62741,383.23926
9.00000,101.14286,52.00000,58.00000,4.14117,287.61124,397.75763
9.14286,101.00000,52.14286,57.85714,4.31765,299.59503,414.51923
9.42857,101.00000,52.42857,57.85714,4.50588,311.57883,431.84610
9.57143,101.00000,52.57143,57.85714,4.69412,323.56262,449.17172
9.71429,100.71429,52.71429,57.57143,5.02353,342.28732,477.93698
9.85714,100.85714,52.85714,57.71428,5.25882,354.27112,497.50443
9.85714,101.00000,52.85714,57.85714,5.47059,365.50595,515.41425
9.42857,101.00000,52.42857,57.85714,5.65882,376.74078,532.20374
9.14286,101.14286,52.14286,58.00000,5.81176,383.48166,544.16241
8.57143,101.28572,51.57143,58.14286,5.89411,387.97559,551.20667
8.42857,101.28572,51.42857,58.14286,6.02353,395.46545,562.57886
8.28571,101.14286,51.28571,58.00000,6.15294,403.70435,574.48242
8.28571,101.28572,51.28571,58.14286,6.31765,410.44525,586.97491
8.42857,101.14286,51.42857,58.00000,6.50588,417.93512,601.08459
8.42857,101.14286,51.42857,58.00000,6.50588,417.93512,601.08459
8.85714,101.00000,51.85714,57.85714,6.70588,426.17401,616.25726
8.85714,101.00000,51.85714,57.85714,6.70588,426.17401,616.25726
10.14286,100.28571,53.14286,57.14286,7.14117,441.90274,647.68817
10.14286,100.28571,53.14286,57.14286,7.14117,441.90274,647.68817
10.85714,99.85715,53.85714,56.71428,7.36470,450.14163,663.87549
10.85714,99.85715,53.85714,56.71428,7.36470,450.14163,663.87549
11.57143,99.28571,54.57143,56.14285,7.57647,458.38046,679.50427
11.57143,99.28571,54.57143,56.14285,7.57647,458.38046,679.50427
11.71429,99.00000,54.71429,55.85715,7.69412,466.61935,690.88715
11.71429,99.00000,54.71429,55.85715,7.69412,466.61935,690.88715
11.85714,99.14285,54.85714,56.00000,7.74117,470.36429,695.77264
11.85714,99.14285,54.85714,56.00000,7.74117,470.36429,695.77264
11.85714,99.14285,54.85714,56.00000,7.74117,470.36429,695.77264
11.85714,99.14285,54.85714,56.00000,7.74117,470.36429,695.77264
11.85714,99.14285,54.85714,56.00000,7.74117,470.36429,695.77264
11.85714,99.14285,54.85714,56.00000,7.74117,470.36429,695.77264
11.85714,99.14285,54.85714,56.00000,7.68235,467.36838,690.91345
11.85714,99.14285,54.85714,56.00000,7.68235,467.36838,690.91345
11.14286,99.57143,54.14286,56.42857,7.16470,445.64771,651.62128
11.14286,99.57143,54.14286,56.42857,7.16470,445.64771,651.62128
10.28571,100.28571,53.28571,57.14286,6.45882,417.18616,598.82019
10.28571,100.85714,53.28571,57.71428,5.95294,393.21854,558.20282
10.28571,101.00000,53.28571,57.85714,5.75294,380.48575,539.78851
10.85714,100.57143,53.85714,57.42857,5.43529,363.25903,512.67377
11.00000,100.14286,54.00000,57.00000,5.12941,345.28333,485.56628
10.57143,100.00000,53.57143,56.85714,4.90588,332.55054,466.03616
10.28571,99.71429,53.28571,56.57143,4.71765,320.56671,448.69870
10.14286,99.42857,53.14286,56.28571,4.52941,308.58292,431.36057
10.28571,99.28571,53.28571,56.14285,4.31765,296.59912,412.90445
11.00000,99.28571,54.00000,56.14285,4.02353,279.37241,386.85562
11.28571,99.57143,54.28572,56.42857,3.87059,268.13760,371.72476
11.57143,99.85715,54.57143,56.71428,3.65882,253.90683,351.69193
11.57143,100.28571,54.57143,57.14286,3.38824,238.17809,327.80090
11.14286,100.42857,54.14286,57.28571,3.17647,225.44530,308.79874
10.28571,100.57143,53.28571,57.42857,2.88235,210.46555,284.27206
10.00000,100.85714,53.00000,57.71428,2.62353,199.97971,264.48837
10.28571,101.28572,53.28571,58.14286,2.37647,187.24692,243.64824
11.00000,102.00000,54.00000,58.85714,2.03529,172.26717,216.55121
11.28571,102.14286,54.28572,59.00000,1.85882,167.02425,203.95882
11.71429,102.14286,54.71429,59.00000,1.69412,162.53032,192.28181
11.42857,102.28572,54.42857,59.14286,1.58824,155.04044,181.84940
10.85714,102.57143,53.85714,59.42857,1.47059,145.30359,169.40709
10.42857,102.85715,53.42857,59.71429,1.40000,142.30763,163.61130
10.28571,102.85715,53.28571,59.71429,1.36471,141.55864,161.12669
10.14286,102.85715,53.14286,59.71429,1.34118,141.55864,159.74371
10.00000,102.85715,53.00000,59.71429,1.31765,141.55864,158.34866
10.00000,102.85715,53.00000,59.71429,1.31765,141.55864,158.34866
10.00000,102.85715,53.00000,59.71429,1.31765,141.55864,158.34866
9.85714,103.00000,52.85714,59.85714,1.35294,142.30762,160.89731
9.42857,102.42857,52.42857,59.28571,1.72941,155.04041,191.08557
10.00000,100.14286,53.00000,57.00000,2.30588,193.23875,246.61269
10.28571,100.00000,53.28571,56.85714,2.54118,204.47357,266.41895
11.14286,100.00000,54.14286,56.85714,2.87059,223.94724,296.40887
11.57143,100.00000,54.57143,56.85714,3.10588,237.42902,317.49515
11.42857,100.00000,54.42857,56.85714,3.50588,257.65167,351.52921
10.42857,100.42857,53.42857,57.28571,3.69412,267.38852,367.61917
9.85714,100.28571,52.85714,57.14286,3.95294,283.11728,391.31534
9.71429,100.14286,52.71429,57.00000,4.20000,296.59906,412.87131
10.14286,100.14286,53.14286,57.00000,4.44706,311.57880,435.44406
10.71429,100.14286,53.71429,57.00000,4.77647,331.80145,465.70691
10.85714,100.14286,53.85714,57.00000,5.00000,343.03629,484.49783
11.00000,100.00000,54.00000,56.85714,5.24706,356.51807,505.99442
10.85714,99.71429,53.85714,56.57143,5.44706,369.25085,524.67377
10.71429,99.57143,53.71429,56.42857,5.64706,379.73666,541.76013
10.57143,99.42857,53.57143,56.28571,5.85882,389.47351,558.87311
10.71429,99.28571,53.71429,56.14285,6.07059,398.46133,575.43335
10.85714,99.14285,53.85714,56.00000,6.25882,405.95120,589.77344
11.00000,99.00000,54.00000,55.85715,6.43529,414.93906,604.61945
11.14286,98.85714,54.14286,55.71429,6.61176,423.92694,619.46014
11.14286,98.42857,54.14286,55.28572,6.81177,433.66376,635.94708
11.14286,98.42857,54.14286,55.28572,6.81177,433.66376,635.94708
11.57143,98.00000,54.57143,54.85714,7.04706,443.40057,654.08124
11.57143,98.00000,54.57143,54.85714,7.04706,443.40057,654.08124
12.71429,97.00000,55.71429,53.85714,7.43530,462.87427,686.47162
12.71429,97.00000,55.71429,53.85714,7.43530,462.87427,686.47162
12.14286,97.00000,55.14286,53.85714,7.56471,471.11316,698.55511
12.14286,97.00000,55.14286,53.85714,7.56471,471.11316,698.55511
12.00000,97.28571,55.00000,54.14286,7.72941,479.35205,712.26971
12.00000,97.28571,55.00000,54.14286,7.72941,479.35205,712.26971
12.00000,97.28571,55.00000,54.14286,7.77647,483.09698,717.22052
12.00000,97.28571,55.00000,54.14286,7.77647,483.09698,717.22052
12.00000,97.28571,55.00000,54.14286,7.77647,483.09698,717.22052
12.00000,97.28571,55.00000,54.14286,7.77647,483.09698,717.22052
12.00000,97.42857,55.00000,54.28572,7.77647,483.84601,717.77667
12.00000,97.42857,55.00000,54.28572,7.77647,483.84601,717.77667
12.00000,97.42857,55.00000,54.28572,7.77647,483.84601,717.77667
12.00000,97.42857,55.00000,54.28572,7.77647,483.84601,717.77667
12.00000,97.42857,55.00000,54.28572,7.77647,483.84601,717.77667
12.00000,97.42857,55.00000,54.28572,7.77647,483.84601,717.77667
12.14286,97.42857,55.14286,54.28572,7.70588,477.85410,710.07562
12.14286,97.42857,55.14286,54.28572,7.70588,477.85410,710.07562
12.42857,97.28571,55.42857,54.14286,7.43530,459.87839,684.25354
12.42857,97.28571,55.42857,54.14286,7.43530,459.87839,684.25354
12.85714,97.14286,55.85715,54.00000,6.63529,423.17801,620.21204
12.71429,97.42857,55.71429,54.28572,5.95294,393.21851,566.45441
12.71429,97.85714,55.71429,54.71429,5.51765,369.99985,529.03528
12.85714,97.85714,55.85715,54.71429,5.30588,354.27112,507.63974
13.00000,98.00000,56.00000,54.85714,5.08235,338.54239,485.67804
13.00000,98.00000,56.00000,54.85714,4.85883,324.31161,464.79007
13.14286,98.00000,56.14285,54.85714,4.62353,313.07681,445.49695
13.28571,97.85714,56.28571,54.71429,4.43530,303.34000,429.50607
13.42857,97.85714,56.42857,54.71429,4.23529,294.35211,413.47256
13.28571,98.00000,56.28571,54.85714,4.01177,284.61526,395.74384
13.42857,98.00000,56.42857,54.85714,3.78824,273.38043,376.92169
13.57143,98.42857,56.57143,55.28572,3.57647,254.65576,353.48633
13.28571,98.71429,56.28571,55.57143,3.47059,241.17398,338.92188
13.14286,99.14285,56.14285,56.00000,3.30588,229.93918,322.98557
12.42857,99.71429,55.42857,56.57143,3.16471,222.44931,310.83304
11.85714,100.14286,54.85714,57.00000,2.87059,210.46550,288.08054
11.42857,100.42857,54.42857,57.28571,2.67059,201.47765,271.92148
11.42857,100.85714,54.42857,57.71428,2.47059,193.23878,256.22137
11.71429,101.42857,54.71429,58.28571,2.22353,182.00397,236.02295
12.00000,101.85714,55.00000,58.71429,2.10588,175.26308,225.41594
12.42857,102.14286,55.42857,59.00000,1.91765,165.52623,209.11472
12.71429,102.00000,55.71429,58.85714,1.84706,161.78130,202.90585
12.85714,102.00000,55.85715,58.85714,1.76471,152.04446,192.28302
12.71429,102.14286,55.71429,59.00000,1.70588,147.55054,186.23703
12.57143,102.42857,55.57143,59.28571,1.61177,142.30762,177.80008
12.57143,102.71429,55.57143,59.57143,1.54118,137.06471,170.63252
12.57143,102.85715,55.57143,59.71429,1.49412,134.06876,166.16426
12.57143,102.85715,55.57143,59.71429,1.49412,134.06876,166.16426
12.57143,103.00000,55.57143,59.85714,1.49412,133.31978,165.70078
12.57143,103.00000,55.57143,59.85714,1.49412,133.31978,165.70078
12.57143,103.00000,55.57143,59.85714,1.50588,133.31978,166.35442
12.57143,103.00000,55.57143,59.85714,1.52941,135.56674,169.05595
11.85714,103.42857,54.85714,60.28572,1.72941,145.30359,186.24733
11.00000,103.28572,54.00000,60.14286,2.01177,161.78131,212.06248
10.57143,103.14286,53.57143,60.00000,2.17647,175.26309,229.57941
10.14286,103.00000,53.14286,59.85714,2.44706,197.73273,258.56754
10.42857,102.85715,53.42857,59.71429,2.74118,218.70439,287.82419
11.00000,103.00000,54.00000,59.85714,2.96471,232.18617,308.44406
11.14286,103.00000,54.14286,59.85714,3.22353,245.66794,330.89343
10.85714,102.85715,53.85714,59.71429,3.57647,265.14163,362.15726
10.57143,102.85715,53.57143,59.71429,3.74118,277.12543,378.68079
10.28571,102.71429,53.28571,59.57143,3.90588,288.36026,394.69308
10.14286,102.85715,53.14286,59.71429,4.08235,299.59506,411.29999
10.42857,102.85715,53.42857,59.71429,4.25882,310.08087,427.39087
10.71429,103.00000,53.71429,59.85714,4.47059,322.81369,446.79538
10.85714,103.28572,53.85714,60.14286,4.61177,331.05252,459.55359
11.14286,103.14286,54.14286,60.00000,4.75294,339.29138,472.30783
11.57143,102.71429,54.57143,59.57143,4.85883,345.28326,481.74042
11.85714,102.57143,54.85714,59.42857,5.03530,353.52213,496.24530
11.71429,102.42857,54.71429,59.28571,5.16471,361.01202,507.88034
11.57143,102.42857,54.57143,59.28571,5.29412,369.25089,520.03900
11.28571,102.57143,54.28572,59.42857,5.42353,378.98773,533.25177
10.85714,102.71429,53.85714,59.57143,5.56471,388.72458,547.04218
10.28571,102.85715,53.28571,59.71429,5.78824,401.45737,566.99219
10.00000,102.71429,53.00000,59.57143,5.97647,409.69620,582.03949
9.85714,102.57143,52.85714,59.42857,6.17647,419.43307,598.70135
10.14286,102.28572,53.14286,59.14286,6.37647,428.42093,614.81805
10.14286,102.28572,53.14286,59.14286,6.37647,428.42093,614.81805
10.28571,101.85714,53.28571,58.71429,6.54118,436.65976,628.67346
10.28571,101.85714,53.28571,58.71429,6.54118,436.65976,628.67346
10.28571,101.57143,53.28571,58.42857,6.72941,444.89865,643.65753
10.28571,101.57143,53.28571,58.42857,6.72941,444.89865,643.65753
11.00000,101.14286,54.00000,58.00000,7.11765,462.87436,675.25073
11.00000,101.14286,54.00000,58.00000,7.11765,462.87436,675.25073
11.57143,100.71429,54.57143,57.57143,7.30588,468.86624,688.56525
11.57143,100.71429,54.57143,57.57143,7.30588,468.86624,688.56525
11.85714,100.42857,54.85714,57.28571,7.38824,471.11322,694.09955
11.85714,100.42857,54.85714,57.28571,7.38824,471.11322,694.09955
11.85714,100.42857,54.85714,57.28571,7.40000,471.11322,694.65247
11.85714,100.42857,54.85714,57.28571,7.40000,471.11322,694.65247
11.85714,100.42857,54.85714,57.28571,7.40000,471.11322,694.65247
11.85714,100.42857,54.85714,57.28571,7.40000,471.11322,694.65247
12.00000,100.28571,55.00000,57.14286,7.36471,469.61523,691.89172
12.00000,100.28571,55.00000,57.14286,7.36471,469.61523,691.89172
15.28571,98.71429,58.28571,55.57143,6.49412,428.42087,620.74066
13.57143,99.85715,56.57143,56.71428,5.32941,369.25085,522.36743
13.14286,99.85715,56.14285,56.71428,5.05882,350.52615,495.86188
12.85714,99.71429,55.85715,56.57143,4.68235,329.55450,462.59183
13.71428,99.28571,56.71428,56.14285,4.25882,306.33591,425.39993
14.00000,99.14285,57.00000,56.00000,3.91765,289.85818,396.95886
13.57143,99.42857,56.57143,56.28571,3.69412,277.87439,377.44122
12.42857,100.57143,55.42857,57.42857,3.41177,258.40070,349.79306
11.57143,101.14286,54.57143,58.00000,3.15294,240.42499,324.36017
11.14286,101.57143,54.14286,58.42857,2.85882,223.94727,298.14334
11.14286,101.85714,54.14286,58.71429,2.49412,207.46953,268.27829
12.14286,102.57143,55.14286,59.42857,2.00000,182.00397,225.46564
12.42857,102.85715,55.42857,59.71429,1.80000,168.52219,205.86252
12.42857,102.71429,55.42857,59.57143,1.69412,156.53839,192.49234
11.85714,103.14286,54.85714,60.00000,1.58824,150.54649,182.80775
11.28571,103.28572,54.28572,60.14286,1.42353,141.55864,167.92006
11.42857,103.28572,54.42857,60.14286,1.34118,138.56270,161.31535
11.14286,103.42857,54.14286,60.28572,1.30588,136.31573,157.88692
11.14286,103.42857,54.14286,60.28572,1.28235,135.56674,156.03391
11.14286,103.42857,54.14286,60.28572,1.28235,135.56674,156.03391
11.28571,103.42857,54.28572,60.28572,1.29412,136.31573,157.18094
11.57143,103.14286,54.57143,60.00000,1.36471,140.06067,163.64059
12.28571,102.28572,55.28572,59.14286,1.63529,156.53839,189.60431
12.28571,100.57143,55.28572,57.42857,2.27059,193.98776,249.51540
12.28571,99.57143,55.28572,56.42857,3.08235,235.93106,321.57602
12.28571,99.14285,55.28572,56.00000,3.40000,261.39664,355.50156
11.00000,99.00000,54.00000,55.85715,3.90588,292.10513,402.86926
10.85714,99.00000,53.85714,55.85715,4.30588,309.33185,435.46552
10.85714,99.14285,53.85714,56.00000,4.63529,330.30347,466.88806
11.00000,99.14285,54.00000,56.00000,5.04706,357.26703,506.68494
10.85714,98.85714,53.85714,55.71429,5.43529,381.23462,543.17426
9.85714,99.00000,52.85714,55.85715,5.72941,399.21033,570.67938
8.57143,99.42857,51.57143,56.28571,6.01177,411.94312,593.86298
8.14286,99.57143,51.14286,56.42857,6.17647,420.93097,608.47888
7.71429,99.71429,50.71428,56.57143,6.42353,429.91882,627.17035
7.71429,99.71429,50.71428,56.57143,6.42353,429.91882,627.17035
7.42857,99.71429,50.42857,56.57143,6.65882,437.40869,644.14832
7.42857,99.71429,50.42857,56.57143,6.65882,437.40869,644.14832
6.42857,100.00000,49.42857,56.85714,7.08235,454.63538,677.36292
6.42857,100.00000,49.42857,56.85714,7.08235,454.63538,677.36292
6.14286,100.00000,49.14286,56.85714,7.22353,459.87827,688.02563
6.14286,100.00000,49.14286,56.85714,7.22353,459.87827,688.02563
6.28571,99.57143,49.28571,56.42857,7.30588,464.37216,695.30957
6.28571,99.57143,49.28571,56.42857,7.30588,464.37216,695.30957
6.42857,99.28571,49.42857,56.14285,7.32941,467.36813,698.67303
6.42857,99.28571,49.42857,56.14285,7.32941,467.36813,698.67303
6.42857,99.28571,49.42857,56.14285,7.32941,467.36813,698.67303
6.42857,99.28571,49.42857,56.14285,7.32941,467.36813,698.67303
6.85714,98.85714,49.85714,55.71429,7.25882,462.12521,691.39008
6.85714,98.85714,49.85714,55.71429,7.25882,462.12521,691.39008
10.85714,96.71429,53.85714,53.57143,6.27059,413.44104,608.00104
9.42857,98.28571,52.42857,55.14286,4.82353,337.04431,481.87595
8.85714,98.57143,51.85714,55.42857,4.43529,313.07672,445.35574
8.14286,99.00000,51.14286,55.85715,4.20000,292.85406,419.16699
7.28571,100.14286,50.28571,57.00000,3.84706,272.63141,387.09515
6.00000,101.57143,49.00000,58.42857,3.55294,255.40469,360.07742
6.00000,102.28572,49.00000,59.14286,3.20000,236.68001,329.02682
7.28571,102.71429,50.28571,59.57143,2.77647,212.71240,290.63843
7.42857,103.28572,50.42857,60.14286,2.60000,194.73671,269.13873
7.28571,103.71429,50.28571,60.57143,2.40000,177.50999,246.88792
7.28571,104.28572,50.28571,61.14286,2.05882,159.53430,216.89761
7.71429,104.28572,50.71428,61.14286,1.94118,155.78937,208.18681
7.42857,104.57143,50.42857,61.42857,1.80000,151.29544,197.66649
7.71429,104.42857,50.71428,61.28572,1.75294,150.54645,194.60460
8.14286,104.42857,51.14286,61.28572,1.62353,147.55051,185.55905
8.71429,104.57143,51.71428,61.42857,1.44706,145.30353,174.27733
9.28571,104.42857,52.28571,61.28572,1.34118,142.30759,166.16779
9.57143,104.28572,52.57143,61.14286,1.23529,136.31569,156.14027
9.57143,104.28572,52.57143,61.14286,1.17647,131.82176,149.85327
9.42857,104.28572,52.42857,61.14286,1.11765,128.82582,144.41852
9.71429,104.14285,52.71429,61.00000,1.08235,128.07683,141.73062
9.71429,104.14285,52.71429,61.00000,1.08235,128.07683,141.73062
9.71429,104.14285,52.71429,61.00000,1.08235,128.07683,141.73062
9.71429,103.85715,52.71429,60.71429,1.18824,134.06871,152.02147
10.85714,99.71429,53.85714,56.57143,2.82353,223.19820,311.88641
12.00000,98.14285,55.00000,55.00000,3.60000,267.38846,385.83240
12.57143,97.57143,55.57143,54.42857,4.11765,293.60303,432.57541
13.85714,96.57143,56.85714,53.42857,4.82353,324.31152,492.48749
13.85714,96.71429,56.85714,53.57143,5.08235,342.28720,519.34937
13.71428,97.00000,56.71428,53.85714,5.32941,360.26291,545.61060
13.85714,97.14286,56.85714,54.00000,5.60000,379.73657,574.20850
13.85714,97.28571,56.85714,54.14286,5.92941,396.96326,604.13385
13.85714,97.00000,56.85714,53.85714,6.24706,411.19403,631.16760
14.14286,96.57143,57.14286,53.42857,6.58823,425.42480,659.35492
14.28572,96.14286,57.28571,53.00000,6.88235,438.15756,683.95697
14.28572,96.14286,57.28571,53.00000,6.88235,438.15756,683.95697
15.14286,95.14286,58.14286,52.00000,7.05882,452.38834,703.83661
15.14286,95.14286,58.14286,52.00000,7.05882,452.38834,703.83661
14.57143,93.42857,57.57143,50.28571,7.43529,489.83771,751.80927
14.57143,93.42857,57.57143,50.28571,7.43529,489.83771,751.80927
14.14286,93.57143,57.14286,50.42857,7.49412,494.33163,758.23206
14.14286,93.57143,57.14286,50.42857,7.49412,494.33163,758.23206
14.00000,93.85715,57.00000,50.71428,7.52941,498.07657,762.89044
14.00000,93.85715,57.00000,50.71428,7.52941,498.07657,762.89044
13.85714,94.00000,56.85714,50.85714,7.54118,498.82556,764.06006
13.85714,94.00000,56.85714,50.85714,7.54118,498.82556,764.06006
13.85714,94.00000,56.85714,50.85714,7.54118,498.82556,764.06006
13.85714,94.00000,56.85714,50.85714,7.54118,498.82556,764.06006
14.00000,93.85715,57.00000,50.71428,7.49412,489.08871,754.23615
14.00000,93.85715,57.00000,50.71428,7.49412,489.08871,754.23615
10.42857,97.57143,53.42857,54.42857,6.51765,427.67175,657.74445
10.42857,97.57143,53.42857,54.42857,6.51765,427.67175,657.74445
11.71429,96.57143,54.71429,53.42857,5.08235,349.77707,525.57092
8.71429,98.14285,51.71428,55.00000,4.18823,302.59088,444.02032
7.85714,99.00000,50.85714,55.85715,3.75294,278.62329,403.39865
7.71429,99.85715,50.71428,56.71428,3.24706,251.65974,356.77347
8.14286,100.14286,51.14286,57.00000,2.81176,226.94318,315.40402
8.14286,100.42857,51.14286,57.28571,2.62353,208.96750,292.36169
7.57143,101.42857,50.57143,58.28571,2.49412,195.48572,275.72888
7.85714,102.42857,50.85714,59.28571,2.16471,170.02016,239.56116
9.42857,102.42857,52.42857,59.28571,1.77647,155.04039,207.81300
10.85714,102.00000,53.85714,58.85714,1.48235,143.05659,182.80873
10.57143,102.28572,53.57143,59.14286,1.41176,138.56267,175.59105
10.42857,102.28572,53.42857,59.14286,1.36471,133.31975,169.34300
10.00000,102.57143,53.00000,59.42857,1.29412,129.57481,162.59735
9.85714,102.71429,52.85714,59.57143,1.28235,128.82582,161.38858
10.00000,102.57143,53.00000,59.42857,1.27059,128.07683,160.17934
10.00000,102.71429,53.00000,59.57143,1.29412,130.32379,163.06760
10.85714,101.28572,53.85714,58.14286,1.72941,160.28329,209.41603
9.71429,100.71429,52.71429,57.57143,2.68235,217.20633,304.98874
10.14286,100.28571,53.14286,57.14286,3.17647,245.66786,353.15497
10.00000,99.57143,53.00000,56.42857,3.84706,286.11316,419.58337
10.14286,99.57143,53.14286,56.42857,4.17647,305.58682,451.84122
10.42857,99.85715,53.42857,56.71428,4.48235,324.31149,482.23825
10.42857,100.57143,53.42857,57.42857,4.71765,345.28314,510.49591
9.71429,101.57143,52.71429,58.42857,4.88235,356.51794,527.71289
9.42857,101.85714,52.42857,58.71429,5.08236,368.50174,547.39398
8.85714,102.14286,51.85714,59.00000,5.28235,377.48956,564.85486
8.14286,102.42857,51.14286,59.28571,5.56471,390.22232,589.50385
8.14286,102.42857,51.14286,59.28571,5.56471,390.22232,589.50385
7.42857,102.42857,50.42857,59.28571,5.82353,402.20615,612.28284
7.42857,102.42857,50.42857,59.28571,5.82353,402.20615,612.28284
6.42857,102.71429,49.42857,59.57143,6.21177,426.92270,651.50745
6.42857,102.71429,49.42857,59.57143,6.21177,426.92270,651.50745
5.71429,102.71429,48.71429,59.57143,6.52941,442.65143,680.18268
5.71429,102.71429,48.71429,59.57143,6.52941,442.65143,680.18268
8.28571,101.14286,51.28571,58.00000,7.20000,462.87408,730.90546
8.28571,101.14286,51.28571,58.00000,7.20000,462.87408,730.90546
9.00000,100.42857,52.00000,57.28571,7.34118,469.61493,743.39569
9.00000,100.42857,52.00000,57.28571,7.34118,469.61493,743.39569
9.14286,100.28571,52.14286,57.14286,7.36471,471.11292,745.77271
9.14286,100.28571,52.14286,57.14286,7.36471,471.11292,745.77271
9.14286,100.28571,52.14286,57.14286,7.36471,471.11292,745.77271
9.14286,100.28571,52.14286,57.14286,7.36471,471.11292,745.77271
9.14286,100.28571,52.14286,57.14286,7.36471,470.36395,745.18018
9.14286,100.28571,52.14286,57.14286,7.36471,470.36395,745.18018
10.14286,99.42857,53.14286,56.28571,7.16471,462.12512,728.54449
10.14286,99.42857,53.14286,56.28571,7.16471,462.12512,728.54449
13.28571,98.14285,56.28571,55.00000,6.21177,423.92673,650.24316
13.28571,98.14285,56.28571,55.00000,6.21177,423.92673,650.24316
12.57143,99.14285,55.57143,56.00000,5.10589,360.26282,543.61145
10.71429,99.42857,53.71429,56.28571,4.45883,326.55841,483.82126
10.57143,99.57143,53.57143,56.42857,4.07059,308.58270,449.50839
11.14286,99.71429,54.14286,56.57143,3.77647,287.61108,417.99545
11.42857,100.14286,54.42857,57.00000,3.48236,265.89044,385.93503
10.85714,100.85714,53.85714,57.71428,3.12941,247.16577,352.83875
9.85714,101.28572,52.85714,58.14286,2.87059,227.69211,324.34872
9.71429,101.71429,52.71429,58.57143,2.47059,202.22655,283.64780
10.57143,102.14286,53.57143,59.00000,2.14118,183.50186,251.67244
11.00000,102.57143,54.00000,59.42857,1.83529,170.02010,224.62048
10.71429,103.14286,53.71429,60.00000,1.48235,156.53831,194.53122
10.57143,103.14286,53.57143,60.00000,1.47059,155.04033,192.82855
10.00000,103.57143,53.00000,60.42857,1.32941,146.05249,178.02132
9.42857,103.71429,52.42857,60.57143,1.21177,135.56668,163.76050
9.28571,103.85715,52.28571,60.71429,1.15294,129.57478,156.16713
9.28571,104.00000,52.28571,60.85714,1.10588,125.82985,150.72618
9.28571,104.00000,52.28571,60.85714,1.05882,122.08492,145.27950
9.28571,104.00000,52.28571,60.85714,1.05882,119.83795,143.94878
9.85714,103.28572,52.85714,60.14286,1.16471,128.82581,156.55464
12.85714,99.00000,55.85715,55.85715,1.75294,181.25491,228.07494
13.57143,98.14285,56.57143,55.00000,2.11765,200.72856,264.30200
14.57143,96.42857,57.57143,53.28571,2.85882,235.93094,334.52750
14.85714,95.71428,57.85714,52.57143,3.20000,257.65158,369.91605
15.57143,95.28571,58.57143,52.14286,3.63530,284.61514,414.47247
15.42857,95.42857,58.42857,52.28571,3.91765,301.09283,442.58533
14.28572,96.28571,57.28571,53.14286,4.16471,313.07663,465.37686
13.57143,96.71429,56.57143,53.57143,4.45883,328.05640,492.97156
13.28571,97.00000,56.28571,53.85714,4.70588,340.78915,516.21216
13.00000,97.57143,56.00000,54.42857,4.89412,355.01993,537.31470
12.28571,98.00000,55.28572,54.85714,5.21177,379.73648,573.45703
13.14286,97.00000,56.14285,53.85714,5.64706,406.70004,617.77484
14.28572,96.00000,57.28571,52.85714,6.14118,432.16562,664.18799
14.28572,96.00000,57.28571,52.85714,6.14118,432.16562,664.18799
14.00000,95.85715,57.00000,52.71429,6.41177,445.64743,689.19373
14.00000,95.85715,57.00000,52.71429,6.41177,445.64743,689.19373
13.57143,95.85715,56.57143,52.71429,6.68236,456.13327,711.87366
13.57143,95.85715,56.57143,52.71429,6.68236,456.13327,711.87366
13.42857,96.00000,56.42857,52.85714,6.82353,462.12515,724.07465
13.42857,96.00000,56.42857,52.85714,6.82353,462.12515,724.07465
13.14286,96.42857,56.14285,53.28571,6.97647,470.36404,738.64563
13.14286,96.42857,56.14285,53.28571,6.97647,470.36404,738.64563
13.14286,96.71429,56.14285,53.57143,7.03530,474.85794,745.28833
13.14286,96.71429,56.14285,53.57143,7.03530,474.85794,745.28833
13.00000,96.71429,56.00000,53.57143,7.04706,474.85794,745.91174
13.00000,96.71429,56.00000,53.57143,7.04706,474.85794,745.91174
12.71429,96.57143,55.71429,53.42857,7.00000,474.10898,742.83545
12.71429,96.57143,55.71429,53.42857,7.00000,474.10898,742.83545
9.42857,98.42857,52.42857,55.28572,6.27059,438.90659,676.64697
9.42857,98.42857,52.42857,55.28572,6.27059,438.90659,676.64697
10.28571,98.28571,53.28571,55.14286,5.28236,379.73657,577.76892
9.28571,98.42857,52.28571,55.28572,4.41177,326.55847,489.75476
9.42857,98.42857,52.42857,55.28572,4.14118,308.58279,461.25870
10.57143,97.71429,53.57143,54.57143,3.87059,297.34796,437.84332
11.71429,97.42857,54.71429,54.28572,3.47059,276.37631,399.84344
11.85714,97.57143,54.85714,54.42857,3.20000,256.15366,369.62915
11.42857,98.14285,54.42857,55.00000,2.95294,238.17796,342.39340
10.57143,99.14285,53.57143,56.00000,2.65882,220.95126,312.99463
10.57143,99.57143,53.57143,56.42857,2.44706,210.46545,293.14655
11.14286,99.85715,54.14286,56.71428,2.24706,198.48166,272.84540
12.14286,100.28571,55.14286,57.14286,1.97647,182.75291,245.67091
12.28571,100.71429,55.28572,57.57143,1.84706,173.76508,231.59569
12.00000,101.14286,55.00000,58.00000,1.78824,167.77318,223.91502
12.00000,101.00000,55.00000,57.85714,1.70588,162.53027,215.26680
11.85714,101.00000,54.85714,57.85714,1.63530,158.03635,207.84222
11.71429,101.00000,54.71429,57.85714,1.58824,154.29140,202.38979
11.71429,101.00000,54.71429,57.85714,1.55294,151.29546,198.17627
11.42857,101.00000,54.42857,57.85714,1.51765,149.04849,194.45422
11.42857,101.00000,54.42857,57.85714,1.50588,149.04849,193.70201
11.28571,101.00000,54.28572,57.85714,1.49412,147.55052,191.97211
11.28571,101.00000,54.28572,57.85714,1.49412,147.55052,191.97211
11.28571,101.00000,54.28572,57.85714,1.49412,147.55052,191.97211
11.28571,101.00000,54.28572,57.85714,1.49412,147.55052,191.97211
11.85714,100.28571,54.85714,57.14286,1.63530,157.28735,207.39378
13.42857,96.28571,56.42857,53.14286,2.96471,232.18610,342.85666
13.00000,95.42857,56.00000,52.28571,3.48236,269.63547,400.44485
12.85714,95.14286,55.85715,52.00000,3.87059,289.85812,437.84457
13.00000,94.85715,56.00000,51.71428,4.24706,309.33179,473.89163
13.14286,94.57143,56.14285,51.42857,4.57647,325.80954,504.92438
13.42857,94.42857,56.42857,51.28571,4.96471,346.78116,542.61658
13.28571,94.42857,56.28571,51.28571,5.00000,349.77713,546.88940
13.14286,94.71429,56.14285,51.57143,5.17647,363.25891,567.08081
12.57143,95.28571,55.57143,52.14286,5.37647,377.48969,589.14355
11.71429,96.00000,54.71429,52.85714,5.55294,387.97552,606.99658
10.85714,96.42857,53.85714,53.28571,5.78824,402.20627,630.99127
10.00000,96.85714,53.00000,53.71429,6.02353,416.43704,654.98120
9.14286,97.14286,52.14286,54.00000,6.27059,430.66782,679.60834
9.14286,97.14286,52.14286,54.00000,6.27059,430.66782,679.60834
8.14286,97.57143,51.14286,54.42857,6.63530,451.63950,715.92603
8.14286,97.57143,51.14286,54.42857,6.63530,451.63950,715.92603
6.57143,98.14285,49.57143,55.00000,7.08236,469.61523,754.35608
6.57143,98.14285,49.57143,55.00000,7.08236,469.61523,754.35608
6.14286,98.14285,49.14286,55.00000,7.28236,477.10513,771.03693
6.14286,98.14285,49.14286,55.00000,7.28236,477.10513,771.03693
6.42857,98.14285,49.42857,55.00000,7.31765,480.10110,775.32642
6.42857,98.14285,49.42857,55.00000,7.31765,480.10110,775.32642
6.42857,98.14285,49.42857,55.00000,7.31765,480.10110,775.32642
6.42857,98.14285,49.42857,55.00000,7.31765,480.10110,775.32642
6.57143,97.85714,49.57143,54.71429,7.28236,477.10513,771.03772
6.57143,97.85714,49.57143,54.71429,7.28236,477.10513,771.03772
7.71429,96.28571,50.71428,53.14286,5.90589,404.45334,639.62048
7.71429,96.28571,50.71428,53.14286,5.90589,404.45334,639.62048
3.71429,99.00000,46.71429,55.85715,4.14118,303.34000,464.36954
6.14286,99.57143,49.14286,56.42857,2.55294,202.97565,298.75006
9.00000,99.71429,52.00000,56.57143,1.68235,155.78943,213.70149
10.14286,99.85715,53.14286,56.71428,1.11765,119.83802,153.58716
11.00000,98.85714,54.00000,55.71429,1.00000,100.00000,111.29135
11.14286,98.71429,54.14286,55.57143,1.00000,100.00000,108.63113
11.14286,98.71429,54.14286,55.57143,1.00000,100.00000,108.63113
11.14286,98.28571,54.14286,55.14286,1.00000,100.00000,100.00000
11.14286,98.28571,54.14286,55.14286,1.00000,100.00000,100.00000
11.14286,98.42857,54.14286,55.28572,1.00000,101.76991,100.88885
11.14286,98.42857,54.14286,55.28572,1.00000,101.76991,100.88885
13.28571,97.14286,56.28571,54.00000,1.83929,158.40707,171.89240
14.57143,94.28571,57.57143,51.14286,4.19643,261.06195,342.09476
14.28572,93.00000,57.28571,49.85714,6.12500,346.01770,476.91898
14.57143,92.42857,57.57143,49.28571,7.26786,395.57520,555.66187
15.00000,92.71429,58.00000,49.57143,8.25000,446.90262,629.25800
15.14286,93.28571,58.14286,50.14285,8.82143,474.33624,670.36884
15.14286,93.28571,58.14286,50.14285,8.82143,474.33624,670.36884
14.85714,93.85715,57.85714,50.71428,9.16072,492.03540,695.76758
14.85714,93.85715,57.85714,50.71428,9.16072,492.03540,695.76758
14.14286,94.42857,57.14286,51.28571,9.41072,503.53986,713.39685
14.14286,94.42857,57.14286,51.28571,9.41072,503.53986,713.39685
13.14286,95.28571,56.14285,52.14286,9.66072,513.27441,729.77301
13.14286,95.28571,56.14285,52.14286,9.66072,513.27441,729.77301
13.00000,95.42857,56.00000,52.28571,9.69643,515.04425,732.38013
13.00000,95.42857,56.00000,52.28571,9.69643,515.04425,732.38013
9.28571,98.57143,52.28571,55.42857,8.51786,457.52216,646.98346
9.28571,98.57143,52.28571,55.42857,8.51786,457.52216,646.98346
6.28571,100.71429,49.28571,57.57143,5.50000,312.38940,429.92212
11.28571,100.14286,54.28572,57.00000,3.33929,196.46017,265.74118
15.71429,99.57143,58.71429,56.42857,2.05357,140.70796,177.38673
18.42857,99.14285,61.42857,56.00000,1.23214,102.65486,118.48170
18.57143,98.42857,61.57143,55.28572,1.14286,100.00000,108.57930
18.57143,98.42857,61.57143,55.28572,1.14286,100.00000,108.57930
18.42857,98.42857,61.42857,55.28572,1.10714,100.00000,106.89621
18.42857,98.42857,61.42857,55.28572,1.10714,100.00000,106.89621
18.42857,98.42857,61.42857,55.28572,1.07143,100.00000,104.67010
18.42857,98.42857,61.42857,55.28572,1.07143,100.00000,104.67010
18.28571,99.00000,61.28572,55.85715,1.17857,112.50000,116.45285
18.28571,99.00000,61.28572,55.85715,1.17857,112.50000,116.45285
16.00000,98.57143,59.00000,55.42857,4.39286,275.00000,367.03778
14.71429,98.28571,57.71428,55.14286,7.01786,424.03845,576.25134
14.00000,99.00000,57.00000,55.85715,7.85714,490.38458,655.87604
14.00000,99.00000,57.00000,55.85715,7.85714,490.38458,655.87604
14.00000,99.42857,57.00000,56.28571,8.60714,532.69226,715.47827
14.00000,99.42857,57.00000,56.28571,8.60714,532.69226,715.47827
13.14286,100.57143,56.14285,57.42857,9.35715,566.34607,769.29919
13.14286,100.57143,56.14285,57.42857,9.35715,566.34607,769.29919
13.14286,100.28571,56.14285,57.14286,9.41072,570.19220,774.11365
13.14286,100.28571,56.14285,57.14286,9.41072,570.19220,774.11365
12.85714,100.42857,55.85715,57.28571,9.32143,566.34607,767.83130
12.85714,100.42857,55.85715,57.28571,9.32143,566.34607,767.83130
7.28571,104.57143,50.28571,61.42857,7.64286,479.80762,640.11993
7.28571,104.57143,50.28571,61.42857,7.64286,479.80762,640.11993
8.57143,103.42857,51.57143,60.28572,5.42857,331.73071,448.65704
9.00000,103.42857,52.00000,60.28572,4.14286,257.69226,345.47269
10.57143,103.42857,53.57143,60.28572,2.78572,190.38458,244.03856
10.28571,104.99999,53.28571,61.85714,1.69643,125.96151,155.16954
54.14286,61.57143,59.57143,52.42857,1.69643,125.96151,155.16954
49.42857,61.14286,54.85714,52.00000,5.30340,274.10941,417.93323
49.42857,61.14286,54.85714,52.00000,5.30340,274.10941,417.93323
50.28571,60.14286,55.71429,51.00000,7.03277,336.37448,533.94250
50.28571,60.14286,55.71429,51.00000,7.03277,336.37448,533.94250
49.85714,62.00000,55.28572,52.85714,8.33391,392.19833,627.66187
49.85714,62.00000,55.28572,52.85714,8.33391,392.19833,627.66187
48.00000,63.57143,53.42857,54.42857,8.94331,415.10043,668.95184
48.00000,63.57143,53.42857,54.42857,8.94331,415.10043,668.95184
48.00000,63.71428,53.42857,54.57143,8.99272,417.96317,673.10669
48.00000,63.71428,53.42857,54.57143,8.99272,417.96317,673.10669
47.85714,63.71428,53.28571,54.57143,9.02566,418.67886,674.91608
47.85714,63.71428,53.28571,54.57143,9.02566,418.67886,674.91608
47.14286,63.57143,52.57143,54.42857,8.77861,407.94348,657.02655
47.14286,63.57143,52.57143,54.42857,8.77861,407.94348,657.02655
45.42857,64.14286,50.85714,55.00000,5.89633,279.11923,445.44379
45.42857,64.14286,50.85714,55.00000,5.89633,279.11923,445.44379
46.71429,64.42857,52.14286,55.28572,4.11755,207.55019,321.30396
49.14286,65.42857,54.57143,56.28571,2.32230,129.53995,191.12108
49.42857,65.42857,54.85714,56.28571,1.72937,103.05941,147.26851
50.00000,65.28571,55.42857,56.14285,1.39997,100.00000,124.66410
50.42857,64.85714,55.85715,55.71429,1.25173,100.00000,112.17685
50.42857,64.85714,55.85715,55.71429,1.25173,100.00000,112.17685
50.42857,65.00000,55.85715,55.85715,1.23526,100.00000,109.97806
50.42857,65.00000,55.85715,55.85715,1.23526,100.00000,109.97806
50.42857,65.00000,55.85715,55.85715,1.23526,100.00000,109.97806
50.42857,65.00000,55.85715,55.85715,1.23526,100.00000,109.97806
52.28571,63.14286,57.71428,54.00000,1.95995,148.21428,168.84871
50.71428,59.00000,56.14285,49.85714,4.71047,297.32141,373.76788
50.14285,57.85714,55.57143,48.71429,5.69869,351.78571,447.23596
50.71428,57.14286,56.14285,48.00000,6.73631,393.75003,514.81940
50.71428,57.14286,56.14285,48.00000,6.73631,393.75003,514.81940
50.42857,58.28571,55.85715,49.14286,7.69158,436.60718,579.40204
50.42857,58.28571,55.85715,49.14286,7.69158,436.60718,579.40204
49.00000,60.14286,54.42857,51.00000,8.51509,479.46436,638.86139
49.00000,60.14286,54.42857,51.00000,8.51509,479.46436,638.86139
48.57143,60.28572,54.00000,51.14286,8.67979,487.50006,650.39404
48.57143,60.28572,54.00000,51.14286,8.67979,487.50006,650.39404
48.57143,60.28572,54.00000,51.14286,8.69626,487.50006,651.01147
48.57143,60.28572,54.00000,51.14286,8.69626,487.50006,651.01147
48.42857,60.28572,53.85714,51.14286,8.67979,486.60718,649.79883
48.42857,60.28572,53.85714,51.14286,8.67979,486.60718,649.79883
48.71429,60.00000,54.14286,50.85714,8.46568,473.21436,632.84271
48.71429,60.00000,54.14286,50.85714,8.46568,473.21436,632.84271
51.85714,59.85714,57.28571,50.71428,5.69869,331.25003,434.57758
51.85714,59.85714,57.28571,50.71428,5.69869,331.25003,434.57758
51.57143,62.14286,57.00000,53.00000,4.47989,248.21431,333.73260
52.57143,63.00000,58.00000,53.85714,2.91522,183.03574,232.08580
52.28571,64.14286,57.71428,55.00000,2.51994,150.89287,196.02789
51.85714,64.71428,57.28571,55.57143,2.33877,140.17857,182.02161
52.57143,64.57143,58.00000,55.42857,2.04230,129.46429,163.59293
53.14286,64.28571,58.57143,55.14286,1.67996,116.96429,141.33794
57.28571,57.71428,63.28571,46.85714,1.67996,116.96429,141.33794
57.28571,57.71428,63.28571,46.85714,1.67996,116.96429,141.33794
54.42857,59.85714,60.42857,49.00000,3.30265,178.02112,248.47598
44.57143,77.14286,49.14286,64.57143,3.30265,178.02112,248.47598
44.57143,77.14286,49.14286,64.57143,3.30265,178.02112,248.47598
44.57143,77.14286,49.14286,64.57143,3.30265,178.02112,248.47598
45.00000,76.57143,49.57143,64.00000,3.55670,186.15923,263.74069
45.42857,70.85715,50.00000,58.28571,8.18040,308.23087,528.51782
43.85714,68.42857,48.42857,55.85715,10.00000,414.02625,847.18561
43.85714,68.42857,48.42857,55.85715,10.00000,414.02625,847.18561
45.28571,66.71429,49.85714,54.14286,10.00000,504.56271,1000.00000
45.28571,66.71429,49.85714,54.14286,10.00000,504.56271,1000.00000
49.14286,64.71428,53.71429,52.14286,10.00000,594.08191,1000.00000
49.14286,64.71428,53.71429,52.14286,10.00000,594.08191,1000.00000
53.57143,62.85714,58.14286,50.28571,10.00000,637.82422,1000.00000
53.57143,62.85714,58.14286,50.28571,10.00000,637.82422,1000.00000
53.71429,62.57143,58.28571,50.00000,10.00000,641.89325,1000.00000
53.71429,62.57143,58.28571,50.00000,10.00000,641.89325,1000.00000
53.85714,62.57143,58.42857,50.00000,10.00000,642.91046,1000.00000
53.85714,62.57143,58.42857,50.00000,10.00000,642.91046,1000.00000
53.85714,62.57143,58.42857,50.00000,10.00000,642.91046,1000.00000
53.85714,62.57143,58.42857,50.00000,10.00000,642.91046,1000.00000
51.57143,63.71428,56.14285,51.14286,8.98058,595.09906,911.94983
51.57143,63.71428,56.14285,51.14286,8.98058,595.09906,911.94983
48.57143,64.42857,53.14286,51.85714,5.40453,406.90536,587.37433
48.57143,64.42857,53.14286,51.85714,5.40453,406.90536,587.37433
47.00000,65.85714,51.57143,53.28571,3.38188,277.71292,384.57715
47.00000,65.85714,51.57143,53.28571,3.38188,277.71292,384.57715
46.71429,66.00000,51.28571,53.42857,1.69903,182.09016,224.62587
46.85714,65.28571,51.42857,52.71429,1.21359,140.38235,166.93250
46.85714,65.14286,51.42857,52.57143,1.19741,139.36510,165.21556
46.85714,65.00000,51.42857,52.42857,1.16505,137.33057,161.78023
46.85714,65.00000,51.42857,52.42857,1.16505,137.33057,161.78023
46.85714,65.00000,51.42857,52.42857,1.16505,137.33057,161.78023
46.71429,65.28571,51.28571,52.71429,1.22977,142.41689,169.27667
46.28572,63.00000,50.85714,50.42857,4.36893,331.62787,508.44241
46.14286,63.14286,50.71428,50.57143,5.66343,396.73273,634.18518
46.14286,63.14286,50.71428,50.57143,5.66343,396.73273,634.18518
44.57143,65.00000,49.14286,52.42857,7.11974,479.13104,781.73828
44.57143,65.00000,49.14286,52.42857,7.11974,479.13104,781.73828
42.57143,67.00000,47.14286,54.42857,8.73786,560.51208,937.23071
42.57143,67.00000,47.14286,54.42857,8.73786,560.51208,937.23071
41.28571,67.00000,45.85714,54.42857,9.61165,600.18542,1000.00000
41.28571,67.00000,45.85714,54.42857,9.61165,600.18542,1000.00000
41.14286,66.57143,45.71429,54.00000,9.70874,606.28900,1000.00000
41.14286,66.57143,45.71429,54.00000,9.70874,606.28900,1000.00000
41.00000,66.42857,45.57143,53.85714,9.72492,606.28900,1000.00000
41.00000,66.42857,45.57143,53.85714,9.72492,606.28900,1000.00000
41.00000,66.28571,45.57143,53.71429,9.62783,598.15088,988.29840
41.00000,66.28571,45.57143,53.71429,9.62783,598.15088,988.29840
42.28571,65.14286,46.85714,52.57143,6.21359,422.16431,668.34174
42.28571,65.14286,46.85714,52.57143,6.21359,422.16431,668.34174
38.57143,65.28571,43.14286,52.71429,4.32039,322.47247,488.14908
38.57143,65.28571,43.14286,52.71429,4.32039,322.47247,488.14908
38.57143,64.85714,43.14286,52.28571,2.75081,218.71161,321.10281
37.85714,65.00000,42.42857,52.42857,1.56958,151.57224,203.82471
36.71429,92.00000,49.57143,72.14286,1.56958,151.57224,203.82471
37.71428,90.85714,50.57143,71.00000,1.68231,160.87450,217.40158
38.71429,87.71429,51.57143,67.85714,1.95981,186.59253,252.70953
37.85714,83.85714,50.71428,64.00000,3.06111,231.46228,356.42087
38.57143,81.71429,51.42857,61.85714,3.60743,261.01068,411.07617
38.57143,79.57143,51.42857,59.71429,4.17109,286.18149,463.17596
38.00000,76.71429,50.85714,56.85714,4.96022,322.84335,536.84436
39.00000,74.85715,51.85714,55.00000,5.37646,343.08945,576.23059
39.42857,73.57143,52.28571,53.71429,5.70599,356.22208,604.95392
38.85714,72.57143,51.71428,52.71429,5.91411,367.71310,625.74518
38.85714,72.57143,51.71428,52.71429,5.91411,367.71310,625.74518
38.57143,72.14286,51.42857,52.28571,5.99215,372.09064,633.59875
38.57143,72.14286,51.42857,52.28571,5.99215,372.09064,633.59875
38.85714,72.00000,51.71428,52.14286,6.01817,372.63782,635.44061
38.85714,72.00000,51.71428,52.14286,6.01817,372.63782,635.44061
38.71429,71.85714,51.57143,52.00000,5.98348,370.99625,632.20990
38.71429,71.85714,51.57143,52.00000,5.98348,370.99625,632.20990
38.00000,71.42857,50.85714,51.57143,5.04694,335.42877,552.76019
38.00000,71.42857,50.85714,51.57143,5.04694,335.42877,552.76019
39.57143,71.85714,52.42857,52.00000,2.86166,216.68808,335.96289
40.42857,74.14285,53.28571,54.28572,1.59560,137.34521,200.54504
40.00000,75.28571,52.85714,55.42857,1.00000,102.32493,137.40744
39.71429,75.14285,52.57143,55.28572,1.00000,100.00000,112.55998
39.71429,75.14285,52.57143,55.28572,1.00000,100.00000,112.55998
40.00000,74.57143,52.85714,54.71429,1.00000,100.00000,100.00000
40.00000,74.57143,52.85714,54.71429,1.00000,100.00000,100.00000
40.14286,74.57143,53.00000,54.71429,1.00000,100.00000,100.00000
40.14286,74.57143,53.00000,54.71429,1.00000,100.00000,100.00000
40.28572,74.42857,53.14286,54.57143,1.00000,100.00000,100.00000
40.28572,74.42857,53.14286,54.57143,1.00000,100.00000,100.00000
40.28572,74.57143,53.14286,54.71429,1.03125,100.82644,101.98220
40.28572,74.57143,53.14286,54.71429,1.03125,100.82644,101.98220
42.57143,69.14285,55.42857,49.28571,3.29688,230.57849,283.45233
42.85714,68.00000,55.71429,48.14286,6.64063,381.81815,522.62671
42.85714,68.00000,55.71429,48.14286,6.64063,381.81815,522.62671
41.71429,69.14285,54.57143,49.28571,7.29688,423.14047,576.73657
41.71429,69.14285,54.57143,49.28571,7.29688,423.14047,576.73657
41.42857,72.00000,54.28572,52.14286,9.23438,499.17355,705.55591
41.42857,72.00000,54.28572,52.14286,9.23438,499.17355,705.55591
40.85714,72.71429,53.71429,52.85714,9.64063,510.74380,729.28967
40.85714,72.71429,53.71429,52.85714,9.64063,510.74380,729.28967
40.71428,72.85714,53.57143,53.00000,9.64063,512.39673,730.47076
40.71428,72.85714,53.57143,53.00000,9.64063,512.39673,730.47076
39.85714,73.00000,52.71429,53.14286,9.37500,507.43805,716.90277
39.85714,73.00000,52.71429,53.14286,9.37500,507.43805,716.90277
36.71429,74.57143,49.57143,54.71429,6.15625,377.68594,503.15985
40.00000,73.42857,52.85714,53.57143,3.87500,256.19836,329.24072
41.14286,75.00000,54.00000,55.14286,2.70313,195.86778,240.94298
42.14286,76.28571,55.00000,56.42857,1.67188,138.84297,160.27890
43.28572,76.00000,56.14285,56.14285,1.09375,100.00000,106.82587
43.28572,75.57143,56.14285,55.71429,1.04688,100.00000,102.19408
43.28572,75.57143,56.14285,55.71429,1.04688,100.00000,102.19408
43.28572,75.42857,56.14285,55.57143,1.04688,100.00000,100.33648
43.28572,75.42857,56.14285,55.57143,1.04688,100.00000,100.33648
43.28572,75.42857,56.14285,55.57143,1.04688,100.00000,100.33648
43.28572,75.42857,56.14285,55.57143,1.04688,100.00000,100.33648
43.28572,75.28571,56.14285,55.42857,1.29688,120.95238,122.83719
43.28572,75.28571,56.14285,55.42857,1.29688,120.95238,122.83719
41.57143,70.85715,54.42857,51.00000,4.34375,295.23810,359.98505
41.42857,68.42857,54.28572,48.57143,6.89063,426.66669,546.23724
39.28571,70.28571,52.14286,50.42857,8.01563,481.90479,626.25519
39.28571,70.28571,52.14286,50.42857,8.01563,481.90479,626.25519
37.28572,72.42857,50.14285,52.57143,8.53125,514.28571,667.43860
37.28572,72.42857,50.14285,52.57143,8.53125,514.28571,667.43860
33.42857,74.28571,46.28572,54.42857,9.75000,576.19049,755.32007
33.42857,74.28571,46.28572,54.42857,9.75000,576.19049,755.32007
33.57143,73.85714,46.42857,54.00000,9.89063,597.14282,774.54449
33.57143,73.85714,46.42857,54.00000,9.89063,597.14282,774.54449
33.71429,73.85714,46.57143,54.00000,9.92188,600.00000,777.62128
33.71429,73.85714,46.57143,54.00000,9.92188,600.00000,777.62128
33.71429,73.71429,46.57143,53.85714,9.90625,598.09521,775.77484
33.71429,73.71429,46.57143,53.85714,9.90625,598.09521,775.77484
33.42857,71.57143,46.28572,51.71428,8.65625,530.47620,682.99554
33.42857,71.57143,46.28572,51.71428,8.65625,530.47620,682.99554
36.14286,70.85715,49.00000,51.00000,5.89063,373.33334,472.79382
37.42857,71.14286,50.28571,51.28571,3.79688,270.47620,324.19080
37.57143,71.71429,50.42857,51.85714,3.17188,228.57144,272.39957
36.71429,71.00000,49.57143,51.14286,2.70313,205.71429,238.74025
36.28571,71.00000,49.14286,51.14286,2.01563,176.19049,191.70535
36.85714,71.57143,49.71429,51.71428,1.65625,155.23810,163.31583
37.57143,71.57143,50.42857,51.71428,1.42188,143.80954,145.85425
37.57143,71.85714,50.42857,52.00000,1.34375,139.04762,139.44154
37.57143,71.85714,50.42857,52.00000,1.34375,138.09525,138.96484
37.57143,71.85714,50.42857,52.00000,1.34375,138.09525,138.96484
37.42857,72.00000,50.28571,52.14286,1.32813,135.23810,136.72079
37.42857,72.00000,50.28571,52.14286,1.32813,135.23810,136.72079
37.57143,72.00000,50.42857,52.14286,1.29688,135.23810,135.12189
37.57143,72.00000,50.42857,52.14286,1.29688,135.23810,135.12189
37.71428,72.00000,50.57143,52.14286,1.26563,136.19049,133.98622
37.71428,72.00000,50.57143,52.14286,1.26563,136.19049,133.98622
37.85714,71.85714,50.71428,52.00000,1.25000,138.09525,134.10771
37.85714,71.85714,50.71428,52.00000,1.25000,138.09525,134.10771
43.00000,65.28571,55.85715,45.42857,2.39063,220.95239,236.45697
45.00000,63.28571,57.85714,43.42857,2.79688,239.04762,266.43399
44.85714,63.28571,57.71428,43.42857,2.85938,240.95238,270.47919
43.71429,62.00000,56.57143,42.14286,4.09375,309.52380,367.88681
43.42857,61.57143,56.28571,41.71429,4.98438,350.47617,432.52649
42.57143,63.14286,55.42857,43.28572,6.06250,385.71426,501.67328
41.57143,64.28571,54.42857,44.42857,6.79688,407.61905,546.54156
41.57143,64.28571,54.42857,44.42857,6.79688,407.61905,546.54156
40.42857,64.71428,53.28571,44.85714,7.46875,442.85712,597.18805
37.14286,66.71429,50.00000,46.85714,8.32813,496.19046,667.50671
35.85714,67.57143,48.71429,47.71429,8.60938,506.66666,685.83752
35.85714,67.57143,48.71429,47.71429,8.60938,506.66666,685.83752
35.42857,67.85714,48.28571,48.00000,8.71876,513.33331,694.70612
35.42857,67.85714,48.28571,48.00000,8.71876,513.33331,694.70612
34.85714,68.42857,47.71429,48.57143,8.87501,520.95239,706.08746
34.85714,68.42857,47.71429,48.57143,8.87501,520.95239,706.08746
34.57143,68.71429,47.42857,48.85714,8.92188,523.80951,709.88843
34.57143,68.71429,47.42857,48.85714,8.92188,523.80951,709.88843
34.71428,68.85715,47.57143,49.00000,8.87501,519.04767,704.79816
34.71428,68.85715,47.57143,49.00000,8.87501,519.04767,704.79816
34.71428,71.57143,47.57143,51.71428,5.62500,373.33337,477.77042
38.71429,71.85714,51.57143,52.00000,3.03125,238.09526,282.07333
38.71429,74.00000,51.57143,54.14286,1.71875,163.80956,177.82310
38.71429,74.85715,51.57143,55.00000,1.20313,125.71430,130.61024
38.71429,74.57143,51.57143,54.71429,1.20313,120.95239,128.16045
38.71429,74.57143,51.57143,54.71429,1.20313,120.95239,128.16045
38.71429,74.42857,51.57143,54.57143,1.20313,119.04763,127.15530
38.71429,74.42857,51.57143,54.57143,1.20313,119.04763,127.15530
38.71429,74.42857,59.57143,55.71429,1.20313,119.04763,127.15530
38.71429,74.42857,59.57143,55.71429,1.20313,119.04763,127.15530
38.71429,74.42857,59.57143,55.71429,1.20313,119.04763,127.15530
38.71429,74.42857,59.57143,55.71429,1.20313,119.04763,127.15530
38.85714,74.28571,59.71429,55.57143,1.23609,120.68967,129.77696
38.85714,74.28571,59.71429,55.57143,1.23609,120.68967,129.77696
36.71429,71.71429,57.57143,53.00000,2.71939,217.56981,261.00668
35.14286,70.71428,56.00000,52.00000,4.38399,288.99838,385.51852
33.00000,71.14286,53.85714,52.42857,5.86730,362.89001,500.27670
32.71429,71.57143,53.57143,52.85714,6.85617,411.33008,575.89117
32.42857,71.42857,53.28571,52.71429,7.72967,454.02304,642.49908
32.14286,70.71428,53.00000,52.00000,8.37244,483.57968,690.15033
32.14286,70.71428,53.00000,52.00000,8.37244,483.57968,690.15033
32.14286,70.14286,53.00000,51.42857,8.83391,496.71597,718.60883
32.14286,70.14286,53.00000,51.42857,8.83391,496.71597,718.60883
32.00000,70.00000,52.85714,51.28571,9.08113,503.28412,733.43433
32.00000,70.00000,52.85714,51.28571,9.08113,503.28412,733.43433
32.71429,68.71429,53.57143,50.00000,7.53190,433.49756,620.13342
32.71429,68.71429,53.57143,50.00000,7.53190,433.49756,620.13342
31.57143,69.71429,52.42857,51.00000,5.32342,319.37607,447.68567
31.85714,73.00000,52.71429,54.28572,2.70291,183.90807,243.02910
34.42857,73.28571,55.28572,54.57143,1.48331,119.04763,145.83618
55.42857,55.85715,60.28572,45.71429,1.48331,119.04763,145.83618
52.00000,56.57143,56.85714,46.42857,3.27159,197.17264,284.43417
50.71428,55.28572,55.57143,45.14286,5.37872,285.21829,440.43411
50.00000,54.00000,54.85714,43.85714,6.39069,341.64188,525.43573
49.85714,54.28572,54.71429,44.14286,6.79271,362.72321,558.17383
50.14285,55.00000,55.00000,44.85714,7.15314,375.74405,583.02075
50.00000,55.14286,54.85714,45.00000,7.26404,381.32440,591.86963
50.00000,55.14286,54.85714,45.00000,7.26404,381.32440,591.86963
50.00000,55.28572,54.85714,45.14286,7.26404,381.94443,592.35107
48.71429,56.85714,53.57143,46.71429,6.48773,326.14087,517.55676
47.85714,57.57143,52.71429,47.42857,5.28168,274.05753,428.17841
48.00000,58.57143,52.85714,48.42857,4.25584,228.79462,351.29327
49.28571,58.71429,54.14286,48.57143,3.25773,193.45238,283.31604
51.42857,59.00000,56.28571,48.85714,2.37052,153.76984,215.88884
55.00000,59.57143,59.85714,49.42857,1.37240,109.74702,140.29134
55.57143,59.85714,60.42857,49.71429,1.06743,100.00000,118.29781
55.57143,59.85714,60.42857,49.71429,1.06743,100.00000,118.29781
55.71429,59.71429,60.57143,49.57143,1.00000,100.00000,110.36913
55.71429,59.71429,60.57143,49.57143,1.00000,100.00000,110.36913
55.85715,59.71429,60.71429,49.57143,1.00000,100.00000,110.36913
55.85715,59.71429,60.71429,49.57143,1.00000,100.00000,110.36913
55.42857,58.42857,60.28572,48.28571,1.39437,118.54304,142.83110
55.42857,58.42857,60.28572,48.28571,1.39437,118.54304,142.83110
54.71429,53.42857,59.57143,43.28572,4.97183,264.23840,424.69830
53.85714,54.85714,58.71429,44.71429,6.61972,335.76160,552.70892
53.14286,55.28572,58.00000,45.14286,6.91549,354.30463,580.32623
52.85714,55.85715,57.71428,45.71429,7.01408,364.23840,592.61188
52.71429,56.14285,57.57143,46.00000,7.05634,365.56293,595.47479
52.71429,56.14285,57.57143,46.00000,7.05634,365.56293,595.47479
52.71429,56.28571,57.57143,46.14286,7.08451,363.57614,595.05182
52.71429,56.28571,57.57143,46.14286,7.08451,363.57614,595.05182
50.28571,58.28571,55.14286,48.14286,6.23944,308.60928,514.66797
52.42857,57.42857,57.28571,47.28571,4.01408,209.93378,340.73932
53.57143,57.14286,58.42857,47.00000,3.15493,176.82120,277.56787
53.42857,58.28571,58.28571,48.14286,2.35211,138.41060,212.16743
54.42857,59.00000,59.28571,48.85714,1.42253,100.00000,139.71069
55.28572,58.71429,60.14286,48.57143,1.14084,100.00000,117.01122
55.28572,58.71429,60.14286,48.57143,1.14084,100.00000,117.01122
55.57143,58.57143,60.42857,48.42857,1.09859,100.00000,112.57672
55.57143,58.57143,60.42857,48.42857,1.09859,100.00000,112.57672
55.71429,58.42857,60.57143,48.28571,1.07042,100.00000,110.22687
55.71429,58.42857,60.57143,48.28571,1.07042,100.00000,110.22687
55.71429,58.42857,60.57143,48.28571,1.07042,100.00000,110.22687
55.71429,58.42857,60.57143,48.28571,1.07042,100.00000,110.22687
55.00000,58.57143,59.85714,48.42857,1.29578,121.31148,133.57527
55.00000,58.57143,59.85714,48.42857,1.29578,121.31148,133.57527
51.57143,53.57143,56.42857,43.42857,4.60563,295.08194,406.80322
50.85714,54.57143,55.71429,44.42857,6.14084,355.73767,517.06775
49.71429,55.00000,54.57143,44.85714,6.46479,374.59015,544.40710
48.71429,55.85715,53.57143,45.71429,6.69014,385.24591,561.64166
48.14286,56.00000,53.00000,45.85714,6.83099,394.26233,574.12646
48.14286,56.00000,53.00000,45.85714,6.83099,395.08200,574.72351
48.00000,56.14285,52.85714,46.00000,6.85915,396.72137,577.10089
48.00000,55.85715,52.85714,45.71429,6.85915,393.44266,574.72113
48.42857,54.85714,53.28571,44.71429,6.73239,381.14758,560.44257
49.71429,53.57143,54.57143,43.42857,6.05634,348.36072,508.21417
49.57143,55.42857,54.42857,45.28571,4.52113,275.40988,390.74854
50.00000,55.85715,54.85714,45.71429,3.61972,231.14760,320.48502
51.57143,55.28572,56.42857,45.14286,2.90141,203.27873,269.65482
53.28571,57.14286,58.14286,47.00000,1.83098,147.54102,183.38925
54.71429,57.28571,59.57143,47.14286,1.33803,130.32791,148.66420
55.14286,56.57143,60.00000,46.42857,1.18310,118.85249,133.52827
55.00000,56.57143,59.85714,46.42857,1.12676,114.75413,128.04982
55.00000,56.57143,59.85714,46.42857,1.12676,114.75413,128.04982
55.00000,56.57143,59.85714,46.42857,1.12676,114.75413,128.04982
55.00000,56.57143,59.85714,46.42857,1.12676,114.75413,128.04982
55.00000,56.42857,59.85714,46.28572,1.14084,116.39347,129.76483
55.00000,56.42857,59.85714,46.28572,1.14084,116.39347,129.76483
58.42857,50.71428,63.28571,40.57143,3.15493,215.57381,305.40170
59.14286,49.85714,64.00000,39.71429,5.95775,310.65579,512.97919
58.57143,50.42857,63.42857,40.28572,6.49296,332.78693,554.31372
57.57143,50.71428,62.42857,40.57143,6.85915,354.91806,588.38342
56.71428,51.00000,61.57143,40.85714,7.12676,372.95087,614.81836
56.71428,51.00000,61.57143,40.85714,7.12676,372.95087,614.81836
56.00000,51.71428,60.85714,41.57143,7.39436,384.42627,635.82361
56.00000,51.71428,60.85714,41.57143,7.39436,384.42627,635.82361
55.57143,52.28571,60.42857,42.14286,7.52113,392.62302,648.05347
55.57143,52.28571,60.42857,42.14286,7.52113,392.62302,648.05347
55.28572,51.85714,60.14286,41.71429,7.42253,384.42630,637.04626
55.28572,51.85714,60.14286,41.71429,7.42253,384.42630,637.04626
49.57143,54.00000,54.42857,43.85714,5.14084,292.62302,463.58212
51.71428,53.85714,56.57143,43.71429,3.91549,223.77055,353.79495
53.57143,54.14286,58.42857,44.00000,2.39437,172.13120,245.83804
56.00000,55.28572,60.85714,45.14286,1.36620,122.95085,158.92010
56.71428,54.57143,61.57143,44.42857,1.08451,109.01642,133.73480
56.71428,54.57143,61.57143,44.42857,1.07042,106.55740,131.35968
56.71428,54.57143,61.57143,44.42857,1.07042,106.55740,131.35968
56.71428,54.57143,61.57143,44.42857,1.07042,106.55740,131.35968
56.71428,54.57143,61.57143,44.42857,1.07042,106.55740,131.35968
56.71428,54.57143,61.57143,44.42857,1.07042,106.55740,131.35968
56.71428,54.57143,61.57143,44.42857,1.07042,106.55740,131.35968
56.71428,54.57143,61.57143,44.42857,1.07042,106.55740,131.35968
56.71428,54.57143,61.57143,44.42857,1.07042,106.55740,131.35968
56.71428,54.57143,61.57143,44.42857,1.07042,106.55740,131.35968
56.71428,54.57143,61.57143,44.42857,1.07042,106.55740,131.35968
