单次频率,平均频率
0.03200,0.03200
25.00000,12.51600
25.00000,16.67700
25.00000,18.75800
25.00000,20.00600
25.00000,20.83900
25.00000,21.43300
25.00000,21.87900
25.00000,22.22600
25.00000,22.50300
25.00000,22.73000
25.00000,22.91900
25.00000,23.07900
25.00000,23.21700
25.00000,23.33500
25.00000,23.44000
25.00000,23.53100
25.00000,23.61300
25.00000,23.68600
25.00000,23.75200
25.00000,23.81100
25.00000,23.86500
25.00000,23.91400
25.00000,23.96000
25.00000,24.00100
25.00000,24.04000
25.00000,24.07500
25.00000,24.10800
25.00000,24.13900
25.00000,24.16800
25.00000,24.19500
25.00000,24.22000
25.00000,24.24300
25.00000,24.26600
25.00000,24.28700
25.00000,24.30600
25.00000,24.32500
25.00000,24.34300
25.00000,24.36000
25.00000,24.37600
25.00000,24.39100
25.00000,24.40600
25.00000,24.41900
25.00000,24.43300
25.00000,24.44500
25.00000,24.45700
25.00000,24.46900
25.00000,24.48000
25.00000,24.49000
25.00000,24.50100
25.00000,24.51000
25.00000,24.52000
25.00000,24.52900
25.00000,24.53800
25.00000,24.54600
25.00000,24.55400
25.00000,24.56200
25.00000,24.57000
25.00000,24.57700
25.00000,24.58400
25.00000,24.59100
25.00000,24.59700
25.00000,24.60400
25.00000,24.61000
25.00000,24.61600
25.00000,24.62200
25.00000,24.62700
25.00000,24.63300
25.00000,24.63800
25.00000,24.64300
25.00000,24.64800
25.00000,24.65300
25.00000,24.65800
25.00000,24.66300
25.00000,24.66700
25.00000,24.67100
25.00000,24.67600
25.00000,24.68000
25.00000,24.68400
25.00000,24.68800
25.00000,24.69200
25.00000,24.69600
25.00000,24.69900
25.00000,24.70300
25.00000,24.70600
25.00000,24.71000
25.00000,24.71300
25.00000,24.71600
25.00000,24.71900
25.00000,24.72300
25.00000,24.72600
25.00000,24.72900
25.00000,24.73200
25.00000,24.73400
25.00000,24.73700
25.00000,24.74000
25.00000,24.74300
25.00000,24.74500
25.00000,24.74800
25.00000,24.75000
25.00000,24.75300
25.00000,24.75500
25.00000,24.75800
25.00000,24.76000
25.00000,24.76200
25.00000,24.76400
25.00000,24.76700
25.00000,24.76900
25.00000,24.77100
25.00000,24.77300
25.00000,24.77500
25.00000,24.77700
25.00000,24.77900
25.00000,24.78100
25.00000,24.78300
25.00000,24.78500
25.00000,24.78700
25.00000,24.78800
25.00000,24.79000
25.00000,24.79200
25.00000,24.79400
25.00000,24.79500
25.00000,24.79700
25.00000,24.79900
25.00000,24.80000
25.00000,24.80200
25.00000,24.80300
25.00000,24.80500
25.00000,24.80600
25.00000,24.80800
25.00000,24.80900
25.00000,24.81100
25.00000,24.81200
25.00000,24.81400
25.00000,24.81500
25.00000,24.81600
25.00000,24.81800
25.00000,24.81900
25.00000,24.82000
25.00000,24.82200
25.00000,24.82300
25.00000,24.82400
25.00000,24.82500
25.00000,24.82700
25.00000,24.82800
25.00000,24.82900
25.00000,24.83000
25.00000,24.83100
25.00000,24.83200
25.00000,24.83400
25.00000,24.83500
25.00000,24.83600
25.00000,24.83700
25.00000,24.83800
25.00000,24.83900
25.00000,24.84000
25.00000,24.84100
25.00000,24.84200
25.00000,24.84300
25.00000,24.84400
25.00000,24.84500
25.00000,24.84600
25.00000,24.84700
25.00000,24.84800
25.00000,24.84900
25.00000,24.85000
25.00000,24.85000
25.00000,24.85100
25.00000,24.85200
25.00000,24.85300
25.00000,24.85400
25.00000,24.85500
25.00000,24.85600
25.00000,24.85700
25.00000,24.85700
25.00000,24.85800
25.00000,24.85900
25.00000,24.86000
25.00000,24.86100
25.00000,24.86100
25.00000,24.86200
25.00000,24.86300
25.00000,24.86400
25.00000,24.86400
25.00000,24.86500
25.00000,24.86600
25.00000,24.86600
25.00000,24.86700
25.00000,24.86800
25.00000,24.86900
25.00000,24.86900
25.00000,24.87000
25.00000,24.87100
25.00000,24.87100
25.00000,24.87200
25.00000,24.87300
25.00000,24.87300
25.00000,24.87400
25.00000,24.87500
25.00000,24.87500
25.00000,24.87600
25.00000,24.87600
25.00000,24.87700
25.00000,24.87800
25.00000,24.87800
25.00000,24.87900
25.00000,24.87900
25.00000,24.88000
25.00000,24.88100
25.00000,24.88100
25.00000,24.88200
25.00000,24.88200
25.00000,24.88300
25.00000,24.88300
25.00000,24.88400
25.00000,24.88400
25.00000,24.88500
25.00000,24.88500
25.00000,24.88600
25.00000,24.88700
25.00000,24.88700
25.00000,24.88800
25.00000,24.88800
25.00000,24.88900
25.00000,24.88900
25.00000,24.89000
25.00000,24.89000
25.00000,24.89000
25.00000,24.89100
25.00000,24.89100
25.00000,24.89200
25.00000,24.89200
25.00000,24.89300
25.00000,24.89300
25.00000,24.89400
25.00000,24.89400
25.00000,24.89500
25.00000,24.89500
25.00000,24.89600
25.00000,24.89600
25.00000,24.89600
25.00000,24.89700
25.00000,24.89700
25.00000,24.89800
25.00000,24.89800
25.00000,24.89900
25.00000,24.89900
25.00000,24.89900
25.00000,24.90000
25.00000,24.90000
25.00000,24.90100
25.00000,24.90100
25.00000,24.90100
25.00000,24.90200
25.00000,24.90200
25.00000,24.90200
25.00000,24.90300
25.00000,24.90300
25.00000,24.90400
25.00000,24.90400
25.00000,24.90400
25.00000,24.90500
25.00000,24.90500
25.00000,24.90500
25.00000,24.90600
25.00000,24.90600
25.00000,24.90600
25.00000,24.90700
25.00000,24.90700
25.00000,24.90800
25.00000,24.90800
25.00000,24.90800
25.00000,24.90900
25.00000,24.90900
25.00000,24.90900
25.00000,24.91000
25.00000,24.91000
25.00000,24.91000
25.00000,24.91100
25.00000,24.91100
25.00000,24.91100
25.00000,24.91100
25.00000,24.91200
25.00000,24.91200
25.00000,24.91200
25.00000,24.91300
25.00000,24.91300
25.00000,24.91300
25.00000,24.91400
25.00000,24.91400
25.00000,24.91400
25.00000,24.91400
25.00000,24.91500
25.00000,24.91500
25.00000,24.91500
25.00000,24.91600
25.00000,24.91600
25.00000,24.91600
25.00000,24.91600
25.00000,24.91700
25.00000,24.91700
25.00000,24.91700
25.00000,24.91800
25.00000,24.91800
25.00000,24.91800
25.00000,24.91800
25.00000,24.91900
25.00000,24.91900
25.00000,24.91900
25.00000,24.91900
25.00000,24.92000
25.00000,24.92000
25.00000,24.92000
25.00000,24.92000
25.00000,24.92100
25.00000,24.92100
25.00000,24.92100
25.00000,24.92100
25.00000,24.92200
25.00000,24.92200
25.00000,24.92200
25.00000,24.92200
25.00000,24.92300
25.00000,24.92300
25.00000,24.92300
25.00000,24.92300
25.00000,24.92400
25.00000,24.92400
25.00000,24.92400
25.00000,24.92400
25.00000,24.92500
25.00000,24.92500
25.00000,24.92500
25.00000,24.92500
25.00000,24.92500
25.00000,24.92600
25.00000,24.92600
25.00000,24.92600
25.00000,24.92600
25.00000,24.92700
25.00000,24.92700
25.00000,24.92700
25.00000,24.92700
25.00000,24.92700
25.00000,24.92800
25.00000,24.92800
25.00000,24.92800
25.00000,24.92800
25.00000,24.92800
25.00000,24.92900
25.00000,24.92900
25.00000,24.92900
25.00000,24.92900
25.00000,24.92900
25.00000,24.93000
25.00000,24.93000
25.00000,24.93000
25.00000,24.93000
25.00000,24.93000
25.00000,24.93100
25.00000,24.93100
25.00000,24.93100
25.00000,24.93100
25.00000,24.93100
25.00000,24.93200
25.00000,24.93200
25.00000,24.93200
25.00000,24.93200
25.00000,24.93200
25.00000,24.93300
25.00000,24.93300
25.00000,24.93300
25.00000,24.93300
25.00000,24.93300
25.00000,24.93300
25.00000,24.93400
25.00000,24.93400
25.00000,24.93400
25.00000,24.93400
25.00000,24.93400
25.00000,24.93400
25.00000,24.93500
25.00000,24.93500
25.00000,24.93500
25.00000,24.93500
25.00000,24.93500
25.00000,24.93500
25.00000,24.93600
25.00000,24.93600
25.00000,24.93600
25.00000,24.93600
25.00000,24.93600
25.00000,24.93600
25.00000,24.93700
25.00000,24.93700
25.00000,24.93700
25.00000,24.93700
25.00000,24.93700
25.00000,24.93700
25.00000,24.93800
25.00000,24.93800
25.00000,24.93800
25.00000,24.93800
25.00000,24.93800
25.00000,24.93800
25.00000,24.93900
25.00000,24.93900
25.00000,24.93900
25.00000,24.93900
25.00000,24.93900
25.00000,24.93900
25.00000,24.93900
25.00000,24.94000
25.00000,24.94000
25.00000,24.94000
25.00000,24.94000
25.00000,24.94000
25.00000,24.94000
25.00000,24.94000
25.00000,24.94100
25.00000,24.94100
25.00000,24.94100
25.00000,24.94100
25.00000,24.94100
25.00000,24.94100
25.00000,24.94100
25.00000,24.94200
25.00000,24.94200
25.00000,24.94200
25.00000,24.94200
25.00000,24.94200
25.00000,24.94200
25.00000,24.94200
25.00000,24.94200
25.00000,24.94300
25.00000,24.94300
25.00000,24.94300
25.00000,24.94300
25.00000,24.94300
25.00000,24.94300
25.00000,24.94300
25.00000,24.94400
25.00000,24.94400
25.00000,24.94400
25.00000,24.94400
25.00000,24.94400
25.00000,24.94400
25.00000,24.94400
25.00000,24.94400
25.00000,24.94500
25.00000,24.94500
25.00000,24.94500
25.00000,24.94500
25.00000,24.94500
25.00000,24.94500
25.00000,24.94500
25.00000,24.94500
25.00000,24.94500
25.00000,24.94600
25.00000,24.94600
25.00000,24.94600
25.00000,24.94600
25.00000,24.94600
25.00000,24.94600
25.00000,24.94600
25.00000,24.94600
25.00000,24.94700
25.00000,24.94700
25.00000,24.94700
25.00000,24.94700
25.00000,24.94700
25.00000,24.94700
25.00000,24.94700
25.00000,24.94700
25.00000,24.94700
25.00000,24.94800
25.00000,24.94800
25.00000,24.94800
25.00000,24.94800
25.00000,24.94800
25.00000,24.94800
25.00000,24.94800
25.00000,24.94800
25.00000,24.94800
25.00000,24.94900
25.00000,24.94900
25.00000,24.94900
25.00000,24.94900
25.00000,24.94900
25.00000,24.94900
25.00000,24.94900
25.00000,24.94900
25.00000,24.94900
25.00000,24.94900
25.00000,24.95000
25.00000,24.95000
25.00000,24.95000
25.00000,24.95000
25.00000,24.95000
25.00000,24.95000
25.00000,24.95000
25.00000,24.95000
25.00000,24.95000
25.00000,24.95000
25.00000,24.95100
25.00000,24.95100
25.00000,24.95100
25.00000,24.95100
25.00000,24.95100
25.00000,24.95100
25.00000,24.95100
25.00000,24.95100
25.00000,24.95100
25.00000,24.95100
25.00000,24.95200
25.00000,24.95200
25.00000,24.95200
25.00000,24.95200
25.00000,24.95200
25.00000,24.95200
25.00000,24.95200
25.00000,24.95200
25.00000,24.95200
25.00000,24.95200
25.00000,24.95200
25.00000,24.95300
25.00000,24.95300
25.00000,24.95300
25.00000,24.95300
25.00000,24.95300
25.00000,24.95300
25.00000,24.95300
25.00000,24.95300
25.00000,24.95300
25.00000,24.95300
25.00000,24.95300
25.00000,24.95400
25.00000,24.95400
25.00000,24.95400
25.00000,24.95400
25.00000,24.95400
25.00000,24.95400
25.00000,24.95400
25.00000,24.95400
25.00000,24.95400
25.00000,24.95400
25.00000,24.95400
25.00000,24.95400
25.00000,24.95500
25.00000,24.95500
25.00000,24.95500
25.00000,24.95500
25.00000,24.95500
25.00000,24.95500
25.00000,24.95500
25.00000,24.95500
25.00000,24.95500
25.00000,24.95500
25.00000,24.95500
25.00000,24.95500
25.00000,24.95500
25.00000,24.95600
25.00000,24.95600
25.00000,24.95600
25.00000,24.95600
25.00000,24.95600
25.00000,24.95600
25.00000,24.95600
25.00000,24.95600
25.00000,24.95600
25.00000,24.95600
25.00000,24.95600
25.00000,24.95600
25.00000,24.95700
25.00000,24.95700
25.00000,24.95700
25.00000,24.95700
25.00000,24.95700
25.00000,24.95700
25.00000,24.95700
25.00000,24.95700
25.00000,24.95700
25.00000,24.95700
25.00000,24.95700
25.00000,24.95700
25.00000,24.95700
25.00000,24.95700
25.00000,24.95800
25.00000,24.95800
25.00000,24.95800
25.00000,24.95800
25.00000,24.95800
25.00000,24.95800
25.00000,24.95800
25.00000,24.95800
25.00000,24.95800
25.00000,24.95800
25.00000,24.95800
25.00000,24.95800
25.00000,24.95800
25.00000,24.95800
25.00000,24.95900
25.00000,24.95900
25.00000,24.95900
25.00000,24.95900
25.00000,24.95900
25.00000,24.95900
25.00000,24.95900
25.00000,24.95900
25.00000,24.95900
25.00000,24.95900
25.00000,24.95900
25.00000,24.95900
25.00000,24.95900
25.00000,24.95900
25.00000,24.95900
25.00000,24.96000
25.00000,24.96000
25.00000,24.96000
25.00000,24.96000
25.00000,24.96000
25.00000,24.96000
25.00000,24.96000
25.00000,24.96000
25.00000,24.96000
25.00000,24.96000
25.00000,24.96000
25.00000,24.96000
25.00000,24.96000
25.00000,24.96000
25.00000,24.96000
25.00000,24.96000
25.00000,24.96100
25.00000,24.96100
25.00000,24.96100
25.00000,24.96100
25.00000,24.96100
25.00000,24.96100
25.00000,24.96100
25.00000,24.96100
25.00000,24.96100
25.00000,24.96100
25.00000,24.96100
25.00000,24.96100
25.00000,24.96100
25.00000,24.96100
25.00000,24.96100
25.00000,24.96100
25.00000,24.96200
25.00000,24.96200
25.00000,24.96200
25.00000,24.96200
25.00000,24.96200
25.00000,24.96200
25.00000,24.96200
25.00000,24.96200
25.00000,24.96200
25.00000,24.96200
25.00000,24.96200
25.00000,24.96200
25.00000,24.96200
25.00000,24.96200
25.00000,24.96200
25.00000,24.96200
25.00000,24.96200
25.00000,24.96300
25.00000,24.96300
25.00000,24.96300
25.00000,24.96300
25.00000,24.96300
25.00000,24.96300
25.00000,24.96300
25.00000,24.96300
25.00000,24.96300
25.00000,24.96300
25.00000,24.96300
25.00000,24.96300
25.00000,24.96300
25.00000,24.96300
25.00000,24.96300
25.00000,24.96300
25.00000,24.96300
25.00000,24.96300
25.00000,24.96300
25.00000,24.96400
25.00000,24.96400
25.00000,24.96400
25.00000,24.96400
25.00000,24.96400
25.00000,24.96400
25.00000,24.96400
25.00000,24.96400
25.00000,24.96400
25.00000,24.96400
25.00000,24.96400
25.00000,24.96400
25.00000,24.96400
25.00000,24.96400
25.00000,24.96400
25.00000,24.96400
25.00000,24.96400
25.00000,24.96400
25.00000,24.96400
25.00000,24.96500
25.00000,24.96500
25.00000,24.96500
25.00000,24.96500
25.00000,24.96500
25.00000,24.96500
25.00000,24.96500
25.00000,24.96500
25.00000,24.96500
25.00000,24.96500
25.00000,24.96500
25.00000,24.96500
25.00000,24.96500
25.00000,24.96500
25.00000,24.96500
25.00000,24.96500
25.00000,24.96500
25.00000,24.96500
25.00000,24.96500
25.00000,24.96500
25.00000,24.96600
25.00000,24.96600
25.00000,24.96600
25.00000,24.96600
25.00000,24.96600
25.00000,24.96600
25.00000,24.96600
25.00000,24.96600
25.00000,24.96600
25.00000,24.96600
25.00000,24.96600
25.00000,24.96600
25.00000,24.96600
25.00000,24.96600
25.00000,24.96600
25.00000,24.96600
25.00000,24.96600
25.00000,24.96600
25.00000,24.96600
25.00000,24.96600
25.00000,24.96600
25.00000,24.96600
25.00000,24.96700
25.00000,24.96700
25.00000,24.96700
25.00000,24.96700
25.00000,24.96700
25.00000,24.96700
25.00000,24.96700
25.00000,24.96700
25.00000,24.96700
25.00000,24.96700
25.00000,24.96700
25.00000,24.96700
25.00000,24.96700
25.00000,24.96700
25.00000,24.96700
25.00000,24.96700
25.00000,24.96700
25.00000,24.96700
25.00000,24.96700
25.00000,24.96700
25.00000,24.96700
25.00000,24.96700
25.00000,24.96700
25.00000,24.96800
25.00000,24.96800
25.00000,24.96800
25.00000,24.96800
25.00000,24.96800
25.00000,24.96800
25.00000,24.96800
25.00000,24.96800
25.00000,24.96800
25.00000,24.96800
25.00000,24.96800
25.00000,24.96800
25.00000,24.96800
25.00000,24.96800
25.00000,24.96800
25.00000,24.96800
25.00000,24.96800
25.00000,24.96800
25.00000,24.96800
25.00000,24.96800
25.00000,24.96800
25.00000,24.96800
25.00000,24.96800
25.00000,24.96800
25.00000,24.96900
25.00000,24.96900
25.00000,24.96900
25.00000,24.96900
25.00000,24.96900
25.00000,24.96900
25.00000,24.96900
25.00000,24.96900
25.00000,24.96900
25.00000,24.96900
25.00000,24.96900
25.00000,24.96900
25.00000,24.96900
25.00000,24.96900
25.00000,24.96900
25.00000,24.96900
25.00000,24.96900
25.00000,24.96900
25.00000,24.96900
25.00000,24.96900
25.00000,24.96900
25.00000,24.96900
25.00000,24.96900
25.00000,24.96900
25.00000,24.96900
25.00000,24.96900
25.00000,24.97000
25.00000,24.97000
25.00000,24.97000
25.00000,24.97000
25.00000,24.97000
25.00000,24.97000
25.00000,24.97000
25.00000,24.97000
25.00000,24.97000
25.00000,24.97000
25.00000,24.97000
25.00000,24.97000
25.00000,24.97000
25.00000,24.97000
25.00000,24.97000
25.00000,24.97000
25.00000,24.97000
25.00000,24.97000
25.00000,24.97000
25.00000,24.97000
25.00000,24.97000
25.00000,24.97000
25.00000,24.97000
25.00000,24.97000
25.00000,24.97000
25.00000,24.97000
25.00000,24.97000
25.00000,24.97000
25.00000,24.97100
25.00000,24.97100
25.00000,24.97100
25.00000,24.97100
25.00000,24.97100
25.00000,24.97100
25.00000,24.97100
25.00000,24.97100
25.00000,24.97100
25.00000,24.97100
25.00000,24.97100
25.00000,24.97100
25.00000,24.97100
25.00000,24.97100
25.00000,24.97100
25.00000,24.97100
25.00000,24.97100
25.00000,24.97100
25.00000,24.97100
25.00000,24.97100
25.00000,24.97100
25.00000,24.97100
25.00000,24.97100
25.00000,24.97100
25.00000,24.97100
25.00000,24.97100
25.00000,24.97100
25.00000,24.97100
25.00000,24.97100
25.00000,24.97100
25.00000,24.97200
25.00000,24.97200
25.00000,24.97200
25.00000,24.97200
25.00000,24.97200
25.00000,24.97200
25.00000,24.97200
25.00000,24.97200
25.00000,24.97200
25.00000,24.97200
25.00000,24.97200
25.00000,24.97200
25.00000,24.97200
25.00000,24.97200
25.00000,24.97200
25.00000,24.97200
25.00000,24.97200
25.00000,24.97200
25.00000,24.97200
25.00000,24.97200
25.00000,24.97200
25.00000,24.97200
25.00000,24.97200
25.00000,24.97200
25.00000,24.97200
25.00000,24.97200
25.00000,24.97200
25.00000,24.97200
25.00000,24.97200
25.00000,24.97200
25.00000,24.97200
25.00000,24.97300
25.00000,24.97300
25.00000,24.97300
25.00000,24.97300
25.00000,24.97300
25.00000,24.97300
25.00000,24.97300
25.00000,24.97300
25.00000,24.97300
25.00000,24.97300
25.00000,24.97300
25.00000,24.97300
25.00000,24.97300
25.00000,24.97300
25.00000,24.97300
25.00000,24.97300
25.00000,24.97300
25.00000,24.97300
25.00000,24.97300
25.00000,24.97300
25.00000,24.97300
25.00000,24.97300
25.00000,24.97300
25.00000,24.97300
25.00000,24.97300
25.00000,24.97300
25.00000,24.97300
25.00000,24.97300
25.00000,24.97300
25.00000,24.97300
25.00000,24.97300
25.00000,24.97300
25.00000,24.97300
25.00000,24.97300
25.00000,24.97300
25.00000,24.97400
25.00000,24.97400
25.00000,24.97400
25.00000,24.97400
25.00000,24.97400
25.00000,24.97400
25.00000,24.97400
25.00000,24.97400
25.00000,24.97400
25.00000,24.97400
25.00000,24.97400
25.00000,24.97400
25.00000,24.97400
25.00000,24.97400
25.00000,24.97400
25.00000,24.97400
25.00000,24.97400
25.00000,24.97400
25.00000,24.97400
25.00000,24.97400
25.00000,24.97400
25.00000,24.97400
25.00000,24.97400
25.00000,24.97400
25.00000,24.97400
25.00000,24.97400
25.00000,24.97400
25.00000,24.97400
25.00000,24.97400
25.00000,24.97400
25.00000,24.97400
25.00000,24.97400
25.00000,24.97400
25.00000,24.97400
25.00000,24.97400
25.00000,24.97400
25.00000,24.97400
25.00000,24.97500
25.00000,24.97500
25.00000,24.97500
25.00000,24.97500
25.00000,24.97500
25.00000,24.97500
25.00000,24.97500
25.00000,24.97500
25.00000,24.97500
25.00000,24.97500
25.00000,24.97500
25.00000,24.97500
25.00000,24.97500
25.00000,24.97500
25.00000,24.97500
25.00000,24.97500
25.00000,24.97500
25.00000,24.97500
25.00000,24.97500
25.00000,24.97500
25.00000,24.97500
25.00000,24.97500
25.00000,24.97500
25.00000,24.97500
25.00000,24.97500
25.00000,24.97500
25.00000,24.97500
25.00000,24.97500
25.00000,24.97500
25.00000,24.97500
25.00000,24.97500
25.00000,24.97500
25.00000,24.97500
25.00000,24.97500
25.00000,24.97500
25.00000,24.97500
25.00000,24.97500
25.00000,24.97500
25.00000,24.97500
25.00000,24.97500
25.00000,24.97600
25.00000,24.97600
25.00000,24.97600
25.00000,24.97600
25.00000,24.97600
25.00000,24.97600
25.00000,24.97600
25.00000,24.97600
25.00000,24.97600
25.00000,24.97600
25.00000,24.97600
25.00000,24.97600
25.00000,24.97600
25.00000,24.97600
25.00000,24.97600
25.00000,24.97600
25.00000,24.97600
25.00000,24.97600
25.00000,24.97600
25.00000,24.97600
25.00000,24.97600
25.00000,24.97600
25.00000,24.97600
25.00000,24.97600
25.00000,24.97600
25.00000,24.97600
25.00000,24.97600
25.00000,24.97600
25.00000,24.97600
25.00000,24.97600
25.00000,24.97600
25.00000,24.97600
25.00000,24.97600
25.00000,24.97600
25.00000,24.97600
25.00000,24.97600
25.00000,24.97600
25.00000,24.97600
25.00000,24.97600
25.00000,24.97600
25.00000,24.97600
25.00000,24.97600
25.00000,24.97600
25.00000,24.97700
25.00000,24.97700
25.00000,24.97700
25.00000,24.97700
25.00000,24.97700
25.00000,24.97700
25.00000,24.97700
25.00000,24.97700
25.00000,24.97700
25.00000,24.97700
25.00000,24.97700
25.00000,24.97700
4.63000,24.95800
100.00000,25.02800
125.00000,25.12000
166.66701,25.25200
125.00000,25.34400
166.66701,25.47500
38.46200,25.48700
25.00000,25.48700
25.00000,25.48600
25.00000,25.48600
25.00000,25.48500
25.00000,25.48500
25.00000,25.48400
25.00000,25.48400
25.00000,25.48300
25.00000,25.48300
25.00000,25.48300
25.00000,25.48200
25.00000,25.48200
25.00000,25.48100
25.00000,25.48100
25.00000,25.48000
25.00000,25.48000
25.00000,25.47900
25.00000,25.47900
25.00000,25.47900
25.00000,25.47800
25.00000,25.47800
25.00000,25.47700
25.00000,25.47700
25.00000,25.47600
25.00000,25.47600
25.00000,25.47600
25.00000,25.47500
25.00000,25.47500
25.00000,25.47400
25.00000,25.47400
25.00000,25.47300
25.00000,25.47300
25.00000,25.47300
25.00000,25.47200
25.00000,25.47200
25.00000,25.47100
25.00000,25.47100
25.00000,25.47000
25.00000,25.47000
25.00000,25.47000
25.00000,25.46900
25.00000,25.46900
25.00000,25.46800
25.00000,25.46800
25.00000,25.46800
25.00000,25.46700
25.00000,25.46700
25.00000,25.46600
25.00000,25.46600
25.00000,25.46500
25.00000,25.46500
25.00000,25.46500
25.00000,25.46400
25.00000,25.46400
25.00000,25.46300
25.00000,25.46300
25.00000,25.46300
25.00000,25.46200
25.00000,25.46200
25.00000,25.46100
25.00000,25.46100
25.00000,25.46100
25.00000,25.46000
25.00000,25.46000
25.00000,25.45900
25.00000,25.45900
25.00000,25.45900
25.00000,25.45800
25.00000,25.45800
25.00000,25.45700
25.00000,25.45700
25.00000,25.45700
25.00000,25.45600
25.00000,25.45600
25.00000,25.45500
25.00000,25.45500
25.00000,25.45500
25.00000,25.45400
25.00000,25.45400
25.00000,25.45300
25.00000,25.45300
25.00000,25.45300
25.00000,25.45200
25.00000,25.45200
25.00000,25.45200
25.00000,25.45100
25.00000,25.45100
25.00000,25.45000
25.00000,25.45000
25.00000,25.45000
25.00000,25.44900
25.00000,25.44900
25.00000,25.44800
25.00000,25.44800
25.00000,25.44800
25.00000,25.44700
25.00000,25.44700
25.00000,25.44700
25.00000,25.44600
25.00000,25.44600
25.00000,25.44500
25.00000,25.44500
25.00000,25.44500
25.00000,25.44400
25.00000,25.44400
25.00000,25.44400
25.00000,25.44300
25.00000,25.44300
25.00000,25.44200
25.00000,25.44200
25.00000,25.44200
25.00000,25.44100
25.00000,25.44100
25.00000,25.44100
25.00000,25.44000
25.00000,25.44000
25.00000,25.43900
25.00000,25.43900
25.00000,25.43900
25.00000,25.43800
25.00000,25.43800
25.00000,25.43800
25.00000,25.43700
25.00000,25.43700
25.00000,25.43700
25.00000,25.43600
25.00000,25.43600
25.00000,25.43500
25.00000,25.43500
25.00000,25.43500
25.00000,25.43400
25.00000,25.43400
25.00000,25.43400
25.00000,25.43300
25.00000,25.43300
25.00000,25.43300
25.00000,25.43200
25.00000,25.43200
25.00000,25.43200
25.00000,25.43100
25.00000,25.43100
25.00000,25.43000
25.00000,25.43000
25.00000,25.43000
25.00000,25.42900
25.00000,25.42900
25.00000,25.42900
25.00000,25.42800
25.00000,25.42800
25.00000,25.42800
25.00000,25.42700
25.00000,25.42700
25.00000,25.42700
25.00000,25.42600
25.00000,25.42600
25.00000,25.42600
25.00000,25.42500
25.00000,25.42500
25.00000,25.42500
25.00000,25.42400
25.00000,25.42400
25.00000,25.42400
25.00000,25.42300
25.00000,25.42300
25.00000,25.42300
25.00000,25.42200
25.00000,25.42200
25.00000,25.42200
25.00000,25.42100
25.00000,25.42100
25.00000,25.42000
25.00000,25.42000
25.00000,25.42000
25.00000,25.41900
25.00000,25.41900
25.00000,25.41900
25.00000,25.41800
25.00000,25.41800
25.00000,25.41800
25.00000,25.41700
25.00000,25.41700
25.00000,25.41700
25.00000,25.41700
25.00000,25.41600
25.00000,25.41600
25.00000,25.41600
25.00000,25.41500
25.00000,25.41500
25.00000,25.41500
25.00000,25.41400
25.00000,25.41400
25.00000,25.41400
25.00000,25.41300
25.00000,25.41300
25.00000,25.41300
25.00000,25.41200
25.00000,25.41200
25.00000,25.41200
25.00000,25.41100
25.00000,25.41100
25.00000,25.41100
25.00000,25.41000
25.00000,25.41000
25.00000,25.41000
25.00000,25.40900
25.00000,25.40900
25.00000,25.40900
25.00000,25.40800
25.00000,25.40800
25.00000,25.40800
25.00000,25.40700
25.00000,25.40700
25.00000,25.40700
25.00000,25.40700
25.00000,25.40600
25.00000,25.40600
25.00000,25.40600
25.00000,25.40500
25.00000,25.40500
25.00000,25.40500
25.00000,25.40400
25.00000,25.40400
25.00000,25.40400
25.00000,25.40300
25.00000,25.40300
25.00000,25.40300
25.00000,25.40200
25.00000,25.40200
25.00000,25.40200
25.00000,25.40200
25.00000,25.40100
25.00000,25.40100
25.00000,25.40100
25.00000,25.40000
25.00000,25.40000
25.00000,25.40000
25.00000,25.39900
25.00000,25.39900
25.00000,25.39900
25.00000,25.39900
25.00000,25.39800
25.00000,25.39800
25.00000,25.39800
25.00000,25.39700
25.00000,25.39700
25.00000,25.39700
25.00000,25.39600
25.00000,25.39600
25.00000,25.39600
25.00000,25.39600
25.00000,25.39500
25.00000,25.39500
25.00000,25.39500
25.00000,25.39400
25.00000,25.39400
25.00000,25.39400
25.00000,25.39300
25.00000,25.39300
25.00000,25.39300
25.00000,25.39300
25.00000,25.39200
25.00000,25.39200
25.00000,25.39200
25.00000,25.39100
25.00000,25.39100
25.00000,25.39100
25.00000,25.39100
25.00000,25.39000
25.00000,25.39000
25.00000,25.39000
25.00000,25.38900
25.00000,25.38900
25.00000,25.38900
25.00000,25.38900
25.00000,25.38800
25.00000,25.38800
25.00000,25.38800
25.00000,25.38700
25.00000,25.38700
25.00000,25.38700
25.00000,25.38700
25.00000,25.38600
25.00000,25.38600
25.00000,25.38600
25.00000,25.38500
25.00000,25.38500
25.00000,25.38500
25.00000,25.38500
25.00000,25.38400
25.00000,25.38400
25.00000,25.38400
25.00000,25.38300
25.00000,25.38300
25.00000,25.38300
25.00000,25.38300
25.00000,25.38200
25.00000,25.38200
25.00000,25.38200
25.00000,25.38100
25.00000,25.38100
25.00000,25.38100
25.00000,25.38100
25.00000,25.38000
25.00000,25.38000
25.00000,25.38000
25.00000,25.38000
25.00000,25.37900
25.00000,25.37900
25.00000,25.37900
25.00000,25.37800
25.00000,25.37800
25.00000,25.37800
25.00000,25.37800
25.00000,25.37700
25.00000,25.37700
25.00000,25.37700
25.00000,25.37700
25.00000,25.37600
25.00000,25.37600
25.00000,25.37600
25.00000,25.37600
25.00000,25.37500
25.00000,25.37500
25.00000,25.37500
25.00000,25.37400
25.00000,25.37400
25.00000,25.37400
25.00000,25.37400
25.00000,25.37300
25.00000,25.37300
25.00000,25.37300
25.00000,25.37300
25.00000,25.37200
25.00000,25.37200
25.00000,25.37200
25.00000,25.37200
25.00000,25.37100
25.00000,25.37100
25.00000,25.37100
25.00000,25.37000
25.00000,25.37000
25.00000,25.37000
25.00000,25.37000
25.00000,25.36900
25.00000,25.36900
25.00000,25.36900
25.00000,25.36900
25.00000,25.36800
25.00000,25.36800
25.00000,25.36800
25.00000,25.36800
25.00000,25.36700
25.00000,25.36700
25.00000,25.36700
25.00000,25.36700
25.00000,25.36600
25.00000,25.36600
25.00000,25.36600
25.00000,25.36600
25.00000,25.36500
25.00000,25.36500
25.00000,25.36500
25.00000,25.36500
25.00000,25.36400
25.00000,25.36400
25.00000,25.36400
25.00000,25.36400
25.00000,25.36300
25.00000,25.36300
25.00000,25.36300
25.00000,25.36300
25.00000,25.36200
25.00000,25.36200
25.00000,25.36200
25.00000,25.36200
25.00000,25.36100
25.00000,25.36100
25.00000,25.36100
25.00000,25.36100
25.00000,25.36000
25.00000,25.36000
25.00000,25.36000
25.00000,25.36000
25.00000,25.35900
25.00000,25.35900
25.00000,25.35900
25.00000,25.35900
25.00000,25.35800
25.00000,25.35800
25.00000,25.35800
25.00000,25.35800
25.00000,25.35700
25.00000,25.35700
25.00000,25.35700
25.00000,25.35700
25.00000,25.35600
25.00000,25.35600
25.00000,25.35600
25.00000,25.35600
25.00000,25.35500
25.00000,25.35500
25.00000,25.35500
25.00000,25.35500
25.00000,25.35500
25.00000,25.35400
25.00000,25.35400
25.00000,25.35400
25.00000,25.35400
25.00000,25.35300
25.00000,25.35300
25.00000,25.35300
25.00000,25.35300
25.00000,25.35200
25.00000,25.35200
25.00000,25.35200
25.00000,25.35200
25.00000,25.35100
25.00000,25.35100
25.00000,25.35100
25.00000,25.35100
25.00000,25.35100
25.00000,25.35000
25.00000,25.35000
25.00000,25.35000
25.00000,25.35000
25.00000,25.34900
25.00000,25.34900
25.00000,25.34900
25.00000,25.34900
25.00000,25.34800
25.00000,25.34800
25.00000,25.34800
25.00000,25.34800
25.00000,25.34700
25.00000,25.34700
25.00000,25.34700
25.00000,25.34700
25.00000,25.34700
25.00000,25.34600
25.00000,25.34600
25.00000,25.34600
25.00000,25.34600
25.00000,25.34500
25.00000,25.34500
25.00000,25.34500
25.00000,25.34500
25.00000,25.34500
25.00000,25.34400
25.00000,25.34400
25.00000,25.34400
25.00000,25.34400
25.00000,25.34300
25.00000,25.34300
25.00000,25.34300
25.00000,25.34300
25.00000,25.34300
25.00000,25.34200
25.00000,25.34200
25.00000,25.34200
25.00000,25.34200
25.00000,25.34100
25.00000,25.34100
25.00000,25.34100
25.00000,25.34100
25.00000,25.34100
25.00000,25.34000
25.00000,25.34000
25.00000,25.34000
25.00000,25.34000
25.00000,25.33900
25.00000,25.33900
25.00000,25.33900
25.00000,25.33900
25.00000,25.33900
25.00000,25.33800
25.00000,25.33800
25.00000,25.33800
25.00000,25.33800
25.00000,25.33700
25.00000,25.33700
25.00000,25.33700
25.00000,25.33700
25.00000,25.33700
25.00000,25.33600
25.00000,25.33600
25.00000,25.33600
25.00000,25.33600
25.00000,25.33600
25.00000,25.33500
25.00000,25.33500
25.00000,25.33500
25.00000,25.33500
25.00000,25.33400
25.00000,25.33400
25.00000,25.33400
25.00000,25.33400
25.00000,25.33400
25.00000,25.33300
25.00000,25.33300
25.00000,25.33300
25.00000,25.33300
25.00000,25.33300
25.00000,25.33200
25.00000,25.33200
25.00000,25.33200
25.00000,25.33200
25.00000,25.33200
25.00000,25.33100
25.00000,25.33100
25.00000,25.33100
25.00000,25.33100
25.00000,25.33000
25.00000,25.33000
25.00000,25.33000
25.00000,25.33000
25.00000,25.33000
25.00000,25.32900
25.00000,25.32900
25.00000,25.32900
25.00000,25.32900
25.00000,25.32900
25.00000,25.32800
25.00000,25.32800
25.00000,25.32800
25.00000,25.32800
25.00000,25.32800
25.00000,25.32700
25.00000,25.32700
25.00000,25.32700
25.00000,25.32700
25.00000,25.32700
25.00000,25.32600
25.00000,25.32600
25.00000,25.32600
25.00000,25.32600
25.00000,25.32600
25.00000,25.32500
25.00000,25.32500
25.00000,25.32500
25.00000,25.32500
25.00000,25.32500
25.00000,25.32400
25.00000,25.32400
25.00000,25.32400
25.00000,25.32400
25.00000,25.32400
25.00000,25.32300
25.00000,25.32300
25.00000,25.32300
25.00000,25.32300
25.00000,25.32300
25.00000,25.32200
25.00000,25.32200
25.00000,25.32200
25.00000,25.32200
25.00000,25.32200
25.00000,25.32100
25.00000,25.32100
25.00000,25.32100
25.00000,25.32100
25.00000,25.32100
25.00000,25.32000
25.00000,25.32000
25.00000,25.32000
25.00000,25.32000
25.00000,25.32000
25.00000,25.31900
25.00000,25.31900
25.00000,25.31900
25.00000,25.31900
25.00000,25.31900
25.00000,25.31800
25.00000,25.31800
25.00000,25.31800
25.00000,25.31800
25.00000,25.31800
25.00000,25.31800
25.00000,25.31700
25.00000,25.31700
25.00000,25.31700
25.00000,25.31700
25.00000,25.31700
25.00000,25.31600
25.00000,25.31600
25.00000,25.31600
25.00000,25.31600
25.00000,25.31600
25.00000,25.31500
25.00000,25.31500
25.00000,25.31500
25.00000,25.31500
25.00000,25.31500
25.00000,25.31400
25.00000,25.31400
25.00000,25.31400
25.00000,25.31400
25.00000,25.31400
25.00000,25.31400
25.00000,25.31300
25.00000,25.31300
25.00000,25.31300
25.00000,25.31300
25.00000,25.31300
25.00000,25.31200
25.00000,25.31200
25.00000,25.31200
25.00000,25.31200
25.00000,25.31200
25.00000,25.31200
25.00000,25.31100
25.00000,25.31100
25.00000,25.31100
25.00000,25.31100
25.00000,25.31100
25.00000,25.31000
25.00000,25.31000
25.00000,25.31000
25.00000,25.31000
25.00000,25.31000
25.00000,25.30900
25.00000,25.30900
25.00000,25.30900
25.00000,25.30900
25.00000,25.30900
25.00000,25.30900
25.00000,25.30800
25.00000,25.30800
25.00000,25.30800
25.00000,25.30800
25.00000,25.30800
25.00000,25.30800
25.00000,25.30700
25.00000,25.30700
25.00000,25.30700
25.00000,25.30700
25.00000,25.30700
25.00000,25.30600
25.00000,25.30600
25.00000,25.30600
25.00000,25.30600
25.00000,25.30600
25.00000,25.30600
25.00000,25.30500
25.00000,25.30500
25.00000,25.30500
25.00000,25.30500
25.00000,25.30500
25.00000,25.30400
25.00000,25.30400
25.00000,25.30400
25.00000,25.30400
25.00000,25.30400
25.00000,25.30400
25.00000,25.30300
25.00000,25.30300
25.00000,25.30300
25.00000,25.30300
25.00000,25.30300
25.00000,25.30300
25.00000,25.30200
25.00000,25.30200
25.00000,25.30200
25.00000,25.30200
25.00000,25.30200
25.00000,25.30200
25.00000,25.30100
25.00000,25.30100
25.00000,25.30100
25.00000,25.30100
25.00000,25.30100
25.00000,25.30000
25.00000,25.30000
25.00000,25.30000
25.00000,25.30000
25.00000,25.30000
25.00000,25.30000
25.00000,25.29900
25.00000,25.29900
25.00000,25.29900
25.00000,25.29900
25.00000,25.29900
25.00000,25.29900
25.00000,25.29800
25.00000,25.29800
25.00000,25.29800
25.00000,25.29800
25.00000,25.29800
25.00000,25.29800
25.00000,25.29700
25.00000,25.29700
25.00000,25.29700
25.00000,25.29700
25.00000,25.29700
25.00000,25.29700
25.00000,25.29600
25.00000,25.29600
25.00000,25.29600
25.00000,25.29600
25.00000,25.29600
25.00000,25.29600
25.00000,25.29500
25.00000,25.29500
25.00000,25.29500
25.00000,25.29500
25.00000,25.29500
25.00000,25.29500
25.00000,25.29400
25.00000,25.29400
25.00000,25.29400
25.00000,25.29400
25.00000,25.29400
25.00000,25.29400
25.00000,25.29300
25.00000,25.29300
25.00000,25.29300
25.00000,25.29300
25.00000,25.29300
25.00000,25.29300
25.00000,25.29200
25.00000,25.29200
25.00000,25.29200
25.00000,25.29200
25.00000,25.29200
25.00000,25.29200
25.00000,25.29200
25.00000,25.29100
25.00000,25.29100
25.00000,25.29100
25.00000,25.29100
25.00000,25.29100
25.00000,25.29100
25.00000,25.29000
25.00000,25.29000
25.00000,25.29000
25.00000,25.29000
25.00000,25.29000
25.00000,25.29000
25.00000,25.28900
25.00000,25.28900
25.00000,25.28900
25.00000,25.28900
25.00000,25.28900
25.00000,25.28900
25.00000,25.28800
25.00000,25.28800
25.00000,25.28800
25.00000,25.28800
25.00000,25.28800
25.00000,25.28800
25.00000,25.28800
25.00000,25.28700
25.00000,25.28700
25.00000,25.28700
25.00000,25.28700
25.00000,25.28700
25.00000,25.28700
25.00000,25.28600
25.00000,25.28600
25.00000,25.28600
25.00000,25.28600
25.00000,25.28600
25.00000,25.28600
25.00000,25.28500
25.00000,25.28500
25.00000,25.28500
25.00000,25.28500
25.00000,25.28500
25.00000,25.28500
25.00000,25.28500
25.00000,25.28400
25.00000,25.28400
25.00000,25.28400
25.00000,25.28400
25.00000,25.28400
25.00000,25.28400
25.00000,25.28300
25.00000,25.28300
25.00000,25.28300
25.00000,25.28300
25.00000,25.28300
25.00000,25.28300
25.00000,25.28300
25.00000,25.28200
25.00000,25.28200
25.00000,25.28200
25.00000,25.28200
25.00000,25.28200
25.00000,25.28200
25.00000,25.28200
25.00000,25.28100
25.00000,25.28100
25.00000,25.28100
25.00000,25.28100
25.00000,25.28100
25.00000,25.28100
25.00000,25.28000
25.00000,25.28000
25.00000,25.28000
25.00000,25.28000
25.00000,25.28000
25.00000,25.28000
25.00000,25.28000
25.00000,25.27900
25.00000,25.27900
25.00000,25.27900
25.00000,25.27900
25.00000,25.27900
25.00000,25.27900
25.00000,25.27900
25.00000,25.27800
25.00000,25.27800
25.00000,25.27800
25.00000,25.27800
25.00000,25.27800
25.00000,25.27800
25.00000,25.27800
25.00000,25.27700
25.00000,25.27700
25.00000,25.27700
25.00000,25.27700
25.00000,25.27700
25.00000,25.27700
25.00000,25.27700
25.00000,25.27600
25.00000,25.27600
25.00000,25.27600
25.00000,25.27600
25.00000,25.27600
25.00000,25.27600
25.00000,25.27500
25.00000,25.27500
25.00000,25.27500
25.00000,25.27500
25.00000,25.27500
25.00000,25.27500
25.00000,25.27500
25.00000,25.27400
25.00000,25.27400
25.00000,25.27400
25.00000,25.27400
25.00000,25.27400
25.00000,25.27400
25.00000,25.27400
25.00000,25.27300
25.00000,25.27300
25.00000,25.27300
25.00000,25.27300
25.00000,25.27300
25.00000,25.27300
25.00000,25.27300
25.00000,25.27200
25.00000,25.27200
25.00000,25.27200
25.00000,25.27200
25.00000,25.27200
25.00000,25.27200
25.00000,25.27200
25.00000,25.27200
25.00000,25.27100
25.00000,25.27100
25.00000,25.27100
25.00000,25.27100
25.00000,25.27100
25.00000,25.27100
25.00000,25.27100
25.00000,25.27000
25.00000,25.27000
25.00000,25.27000
25.00000,25.27000
25.00000,25.27000
25.00000,25.27000
25.00000,25.27000
25.00000,25.26900
25.00000,25.26900
25.00000,25.26900
25.00000,25.26900
25.00000,25.26900
25.00000,25.26900
25.00000,25.26900
25.00000,25.26800
25.00000,25.26800
25.00000,25.26800
25.00000,25.26800
25.00000,25.26800
25.00000,25.26800
25.00000,25.26800
25.00000,25.26800
25.00000,25.26700
25.00000,25.26700
25.00000,25.26700
25.00000,25.26700
25.00000,25.26700
25.00000,25.26700
25.00000,25.26700
25.00000,25.26600
25.00000,25.26600
25.00000,25.26600
25.00000,25.26600
25.00000,25.26600
25.00000,25.26600
25.00000,25.26600
25.00000,25.26500
25.00000,25.26500
25.00000,25.26500
25.00000,25.26500
25.00000,25.26500
25.00000,25.26500
25.00000,25.26500
25.00000,25.26500
25.00000,25.26400
25.00000,25.26400
25.00000,25.26400
25.00000,25.26400
25.00000,25.26400
25.00000,25.26400
25.00000,25.26400
25.00000,25.26300
25.00000,25.26300
25.00000,25.26300
25.00000,25.26300
25.00000,25.26300
25.00000,25.26300
25.00000,25.26300
25.00000,25.26300
25.00000,25.26200
25.00000,25.26200
25.00000,25.26200
25.00000,25.26200
25.00000,25.26200
25.00000,25.26200
25.00000,25.26200
25.00000,25.26200
25.00000,25.26100
25.00000,25.26100
25.00000,25.26100
25.00000,25.26100
25.00000,25.26100
25.00000,25.26100
25.00000,25.26100
25.00000,25.26000
25.00000,25.26000
25.00000,25.26000
25.00000,25.26000
25.00000,25.26000
25.00000,25.26000
25.00000,25.26000
25.00000,25.26000
25.00000,25.25900
25.00000,25.25900
25.00000,25.25900
25.00000,25.25900
25.00000,25.25900
25.00000,25.25900
25.00000,25.25900
25.00000,25.25900
25.00000,25.25800
25.00000,25.25800
25.00000,25.25800
25.00000,25.25800
25.00000,25.25800
25.00000,25.25800
25.00000,25.25800
25.00000,25.25800
25.00000,25.25700
25.00000,25.25700
25.00000,25.25700
25.00000,25.25700
25.00000,25.25700
25.00000,25.25700
25.00000,25.25700
25.00000,25.25700
25.00000,25.25600
25.00000,25.25600
25.00000,25.25600
25.00000,25.25600
25.00000,25.25600
25.00000,25.25600
25.00000,25.25600
25.00000,25.25600
25.00000,25.25500
25.00000,25.25500
25.00000,25.25500
25.00000,25.25500
25.00000,25.25500
25.00000,25.25500
25.00000,25.25500
25.00000,25.25500
25.00000,25.25400
25.00000,25.25400
25.00000,25.25400
25.00000,25.25400
25.00000,25.25400
25.00000,25.25400
25.00000,25.25400
25.00000,25.25400
25.00000,25.25300
25.00000,25.25300
25.00000,25.25300
25.00000,25.25300
25.00000,25.25300
25.00000,25.25300
25.00000,25.25300
25.00000,25.25300
25.00000,25.25200
25.00000,25.25200
25.00000,25.25200
25.00000,25.25200
25.00000,25.25200
25.00000,25.25200
25.00000,25.25200
25.00000,25.25200
25.00000,25.25200
25.00000,25.25100
25.00000,25.25100
25.00000,25.25100
25.00000,25.25100
25.00000,25.25100
25.00000,25.25100
25.00000,25.25100
25.00000,25.25100
25.00000,25.25000
25.00000,25.25000
25.00000,25.25000
25.00000,25.25000
25.00000,25.25000
25.00000,25.25000
25.00000,25.25000
25.00000,25.25000
25.00000,25.25000
25.00000,25.24900
25.00000,25.24900
25.00000,25.24900
25.00000,25.24900
25.00000,25.24900
25.00000,25.24900
25.00000,25.24900
25.00000,25.24900
25.00000,25.24800
25.00000,25.24800
25.00000,25.24800
25.00000,25.24800
25.00000,25.24800
25.00000,25.24800
25.00000,25.24800
25.00000,25.24800
25.00000,25.24800
25.00000,25.24700
25.00000,25.24700
25.00000,25.24700
25.00000,25.24700
25.00000,25.24700
25.00000,25.24700
25.00000,25.24700
25.00000,25.24700
25.00000,25.24600
25.00000,25.24600
25.00000,25.24600
25.00000,25.24600
25.00000,25.24600
25.00000,25.24600
25.00000,25.24600
25.00000,25.24600
25.00000,25.24600
25.00000,25.24500
25.00000,25.24500
25.00000,25.24500
25.00000,25.24500
25.00000,25.24500
25.00000,25.24500
25.00000,25.24500
25.00000,25.24500
25.00000,25.24500
25.00000,25.24400
25.00000,25.24400
25.00000,25.24400
25.00000,25.24400
25.00000,25.24400
25.00000,25.24400
25.00000,25.24400
25.00000,25.24400
25.00000,25.24400
25.00000,25.24300
25.00000,25.24300
25.00000,25.24300
25.00000,25.24300
25.00000,25.24300
25.00000,25.24300
25.00000,25.24300
25.00000,25.24300
25.00000,25.24200
25.00000,25.24200
25.00000,25.24200
25.00000,25.24200
25.00000,25.24200
25.00000,25.24200
25.00000,25.24200
25.00000,25.24200
25.00000,25.24200
25.00000,25.24100
25.00000,25.24100
25.00000,25.24100
25.00000,25.24100
25.00000,25.24100
25.00000,25.24100
25.00000,25.24100
25.00000,25.24100
25.00000,25.24100
25.00000,25.24100
25.00000,25.24000
25.00000,25.24000
25.00000,25.24000
25.00000,25.24000
25.00000,25.24000
25.00000,25.24000
25.00000,25.24000
25.00000,25.24000
25.00000,25.24000
25.00000,25.23900
25.00000,25.23900
25.00000,25.23900
25.00000,25.23900
25.00000,25.23900
25.00000,25.23900
25.00000,25.23900
25.00000,25.23900
25.00000,25.23900
25.00000,25.23800
25.00000,25.23800
25.00000,25.23800
25.00000,25.23800
25.00000,25.23800
25.00000,25.23800
25.00000,25.23800
25.00000,25.23800
25.00000,25.23800
25.00000,25.23700
25.00000,25.23700
25.00000,25.23700
25.00000,25.23700
25.00000,25.23700
25.00000,25.23700
25.00000,25.23700
25.00000,25.23700
25.00000,25.23700
25.00000,25.23700
25.00000,25.23600
25.00000,25.23600
25.00000,25.23600
25.00000,25.23600
25.00000,25.23600
25.00000,25.23600
25.00000,25.23600
25.00000,25.23600
25.00000,25.23600
25.00000,25.23500
25.00000,25.23500
25.00000,25.23500
25.00000,25.23500
25.00000,25.23500
25.00000,25.23500
25.00000,25.23500
25.00000,25.23500
25.00000,25.23500
25.00000,25.23500
25.00000,25.23400
25.00000,25.23400
25.00000,25.23400
25.00000,25.23400
25.00000,25.23400
25.00000,25.23400
25.00000,25.23400
25.00000,25.23400
25.00000,25.23400
25.00000,25.23300
25.00000,25.23300
25.00000,25.23300
25.00000,25.23300
25.00000,25.23300
25.00000,25.23300
25.00000,25.23300
25.00000,25.23300
25.00000,25.23300
25.00000,25.23300
25.00000,25.23200
25.00000,25.23200
25.00000,25.23200
25.00000,25.23200
25.00000,25.23200
25.00000,25.23200
25.00000,25.23200
25.00000,25.23200
25.00000,25.23200
25.00000,25.23200
25.00000,25.23100
25.00000,25.23100
25.00000,25.23100
25.00000,25.23100
25.00000,25.23100
25.00000,25.23100
25.00000,25.23100
25.00000,25.23100
25.00000,25.23100
25.00000,25.23000
25.00000,25.23000
25.00000,25.23000
25.00000,25.23000
25.00000,25.23000
25.00000,25.23000
25.00000,25.23000
25.00000,25.23000
25.00000,25.23000
25.00000,25.23000
25.00000,25.22900
25.00000,25.22900
25.00000,25.22900
25.00000,25.22900
25.00000,25.22900
25.00000,25.22900
25.00000,25.22900
25.00000,25.22900
25.00000,25.22900
25.00000,25.22900
25.00000,25.22800
25.00000,25.22800
25.00000,25.22800
25.00000,25.22800
25.00000,25.22800
25.00000,25.22800
25.00000,25.22800
25.00000,25.22800
25.00000,25.22800
25.00000,25.22800
25.00000,25.22800
25.00000,25.22700
25.00000,25.22700
25.00000,25.22700
25.00000,25.22700
25.00000,25.22700
25.00000,25.22700
25.00000,25.22700
25.00000,25.22700
25.00000,25.22700
25.00000,25.22700
25.00000,25.22600
25.00000,25.22600
25.00000,25.22600
25.00000,25.22600
25.00000,25.22600
25.00000,25.22600
25.00000,25.22600
25.00000,25.22600
25.00000,25.22600
25.00000,25.22600
25.00000,25.22500
25.00000,25.22500
25.00000,25.22500
25.00000,25.22500
25.00000,25.22500
25.00000,25.22500
25.00000,25.22500
25.00000,25.22500
25.00000,25.22500
25.00000,25.22500
25.00000,25.22500
25.00000,25.22400
25.00000,25.22400
25.00000,25.22400
25.00000,25.22400
25.00000,25.22400
25.00000,25.22400
25.00000,25.22400
25.00000,25.22400
25.00000,25.22400
25.00000,25.22400
25.00000,25.22300
25.00000,25.22300
25.00000,25.22300
25.00000,25.22300
25.00000,25.22300
25.00000,25.22300
25.00000,25.22300
25.00000,25.22300
25.00000,25.22300
25.00000,25.22300
25.00000,25.22300
25.00000,25.22200
25.00000,25.22200
25.00000,25.22200
25.00000,25.22200
25.00000,25.22200
25.00000,25.22200
25.00000,25.22200
25.00000,25.22200
25.00000,25.22200
25.00000,25.22200
25.00000,25.22100
25.00000,25.22100
25.00000,25.22100
25.00000,25.22100
25.00000,25.22100
25.00000,25.22100
25.00000,25.22100
25.00000,25.22100
25.00000,25.22100
25.00000,25.22100
25.00000,25.22100
25.00000,25.22000
25.00000,25.22000
25.00000,25.22000
25.00000,25.22000
25.00000,25.22000
25.00000,25.22000
25.00000,25.22000
25.00000,25.22000
25.00000,25.22000
25.00000,25.22000
25.00000,25.22000
25.00000,25.21900
25.00000,25.21900
25.00000,25.21900
25.00000,25.21900
25.00000,25.21900
25.00000,25.21900
25.00000,25.21900
25.00000,25.21900
25.00000,25.21900
25.00000,25.21900
25.00000,25.21900
25.00000,25.21800
25.00000,25.21800
25.00000,25.21800
25.00000,25.21800
25.00000,25.21800
25.00000,25.21800
25.00000,25.21800
25.00000,25.21800
25.00000,25.21800
5.49500,25.21000
166.66701,25.26800
125.00000,25.30900
125.00000,25.35000
111.11100,25.38600
37.03700,25.39100
25.00000,25.39000
25.00000,25.39000
25.00000,25.39000
25.00000,25.39000
25.00000,25.39000
25.00000,25.39000
25.00000,25.38900
25.00000,25.38900
25.00000,25.38900
25.00000,25.38900
25.00000,25.38900
25.00000,25.38900
25.00000,25.38800
25.00000,25.38800
25.00000,25.38800
25.00000,25.38800
25.00000,25.38800
25.00000,25.38800
25.00000,25.38800
25.00000,25.38700
25.00000,25.38700
25.00000,25.38700
25.00000,25.38700
25.00000,25.38700
25.00000,25.38700
25.00000,25.38600
25.00000,25.38600
25.00000,25.38600
25.00000,25.38600
25.00000,25.38600
25.00000,25.38600
25.00000,25.38500
25.00000,25.38500
25.00000,25.38500
25.00000,25.38500
25.00000,25.38500
25.00000,25.38500
25.00000,25.38500
25.00000,25.38400
25.00000,25.38400
25.00000,25.38400
25.00000,25.38400
25.00000,25.38400
25.00000,25.38400
25.00000,25.38300
25.00000,25.38300
25.00000,25.38300
25.00000,25.38300
25.00000,25.38300
25.00000,25.38300
25.00000,25.38300
25.00000,25.38200
25.00000,25.38200
25.00000,25.38200
25.00000,25.38200
25.00000,25.38200
25.00000,25.38200
25.00000,25.38100
25.00000,25.38100
25.00000,25.38100
25.00000,25.38100
25.00000,25.38100
25.00000,25.38100
25.00000,25.38100
25.00000,25.38000
25.00000,25.38000
25.00000,25.38000
25.00000,25.38000
25.00000,25.38000
25.00000,25.38000
25.00000,25.37900
25.00000,25.37900
25.00000,25.37900
25.00000,25.37900
25.00000,25.37900
25.00000,25.37900
25.00000,25.37900
25.00000,25.37800
25.00000,25.37800
25.00000,25.37800
25.00000,25.37800
25.00000,25.37800
25.00000,25.37800
25.00000,25.37700
25.00000,25.37700
25.00000,25.37700
25.00000,25.37700
25.00000,25.37700
25.00000,25.37700
25.00000,25.37700
25.00000,25.37600
25.00000,25.37600
25.00000,25.37600
25.00000,25.37600
25.00000,25.37600
25.00000,25.37600
25.00000,25.37600
25.00000,25.37500
25.00000,25.37500
25.00000,25.37500
25.00000,25.37500
25.00000,25.37500
25.00000,25.37500
25.00000,25.37500
25.00000,25.37400
25.00000,25.37400
25.00000,25.37400
25.00000,25.37400
25.00000,25.37400
25.00000,25.37400
25.00000,25.37300
25.00000,25.37300
25.00000,25.37300
25.00000,25.37300
25.00000,25.37300
25.00000,25.37300
25.00000,25.37300
25.00000,25.37200
25.00000,25.37200
25.00000,25.37200
25.00000,25.37200
25.00000,25.37200
25.00000,25.37200
25.00000,25.37200
25.00000,25.37100
25.00000,25.37100
25.00000,25.37100
25.00000,25.37100
25.00000,25.37100
25.00000,25.37100
25.00000,25.37100
25.00000,25.37000
25.00000,25.37000
25.00000,25.37000
25.00000,25.37000
25.00000,25.37000
25.00000,25.37000
25.00000,25.37000
25.00000,25.36900
25.00000,25.36900
25.00000,25.36900
25.00000,25.36900
25.00000,25.36900
25.00000,25.36900
25.00000,25.36900
25.00000,25.36800
25.00000,25.36800
25.00000,25.36800
25.00000,25.36800
25.00000,25.36800
25.00000,25.36800
25.00000,25.36800
25.00000,25.36700
25.00000,25.36700
25.00000,25.36700
18.86800,25.36500
37.03700,25.36900
25.00000,25.36900
25.00000,25.36900
25.00000,25.36900
25.00000,25.36900
25.00000,25.36800
25.00000,25.36800
25.00000,25.36800
25.00000,25.36800
25.00000,25.36800
25.00000,25.36800
25.00000,25.36800
25.00000,25.36700
25.00000,25.36700
25.00000,25.36700
25.00000,25.36700
25.00000,25.36700
25.00000,25.36700
25.00000,25.36700
25.00000,25.36600
25.00000,25.36600
25.00000,25.36600
25.00000,25.36600
25.00000,25.36600
25.00000,25.36600
25.00000,25.36600
25.00000,25.36500
25.00000,25.36500
25.00000,25.36500
25.00000,25.36500
25.00000,25.36500
25.00000,25.36500
25.00000,25.36500
25.00000,25.36400
25.00000,25.36400
25.00000,25.36400
25.00000,25.36400
25.00000,25.36400
25.00000,25.36400
25.00000,25.36400
25.00000,25.36300
25.00000,25.36300
25.00000,25.36300
25.00000,25.36300
25.00000,25.36300
25.00000,25.36300
25.00000,25.36300
25.00000,25.36300
25.00000,25.36200
25.00000,25.36200
25.00000,25.36200
25.00000,25.36200
25.00000,25.36200
25.00000,25.36200
25.00000,25.36200
25.00000,25.36100
25.00000,25.36100
25.00000,25.36100
25.00000,25.36100
25.00000,25.36100
25.00000,25.36100
25.00000,25.36100
25.00000,25.36000
25.00000,25.36000
25.00000,25.36000
25.00000,25.36000
25.00000,25.36000
25.00000,25.36000
25.00000,25.36000
25.00000,25.35900
25.00000,25.35900
25.00000,25.35900
25.00000,25.35900
25.00000,25.35900
25.00000,25.35900
25.00000,25.35900
25.00000,25.35900
25.00000,25.35800
25.00000,25.35800
25.00000,25.35800
25.00000,25.35800
25.00000,25.35800
25.00000,25.35800
25.00000,25.35800
25.00000,25.35700
25.00000,25.35700
25.00000,25.35700
25.00000,25.35700
25.00000,25.35700
25.00000,25.35700
25.00000,25.35700
25.00000,25.35700
25.00000,25.35600
25.00000,25.35600
25.00000,25.35600
25.00000,25.35600
25.00000,25.35600
25.00000,25.35600
25.00000,25.35600
25.00000,25.35500
25.00000,25.35500
25.00000,25.35500
25.00000,25.35500
25.00000,25.35500
25.00000,25.35500
25.00000,25.35500
25.00000,25.35500
25.00000,25.35400
25.00000,25.35400
25.00000,25.35400
25.00000,25.35400
25.00000,25.35400
25.00000,25.35400
25.00000,25.35400
25.00000,25.35300
25.00000,25.35300
25.00000,25.35300
25.00000,25.35300
25.00000,25.35300
25.00000,25.35300
25.00000,25.35300
25.00000,25.35300
25.00000,25.35200
25.00000,25.35200
25.00000,25.35200
25.00000,25.35200
25.00000,25.35200
25.00000,25.35200
25.00000,25.35200
25.00000,25.35200
25.00000,25.35100
25.00000,25.35100
25.00000,25.35100
25.00000,25.35100
25.00000,25.35100
25.00000,25.35100
25.00000,25.35100
25.00000,25.35100
25.00000,25.35000
25.00000,25.35000
25.00000,25.35000
25.00000,25.35000
25.00000,25.35000
25.00000,25.35000
25.00000,25.35000
25.00000,25.34900
25.00000,25.34900
25.00000,25.34900
25.00000,25.34900
25.00000,25.34900
25.00000,25.34900
25.00000,25.34900
25.00000,25.34900
25.00000,25.34800
25.00000,25.34800
25.00000,25.34800
25.00000,25.34800
25.00000,25.34800
25.00000,25.34800
25.00000,25.34800
25.00000,25.34800
25.00000,25.34700
25.00000,25.34700
25.00000,25.34700
25.00000,25.34700
25.00000,25.34700
25.00000,25.34700
25.00000,25.34700
25.00000,25.34700
25.00000,25.34600
25.00000,25.34600
25.00000,25.34600
25.00000,25.34600
25.00000,25.34600
25.00000,25.34600
25.00000,25.34600
25.00000,25.34600
25.00000,25.34500
25.00000,25.34500
25.00000,25.34500
25.00000,25.34500
25.00000,25.34500
25.00000,25.34500
25.00000,25.34500
25.00000,25.34500
25.00000,25.34400
25.00000,25.34400
25.00000,25.34400
25.00000,25.34400
25.00000,25.34400
25.00000,25.34400
25.00000,25.34400
25.00000,25.34400
25.00000,25.34300
25.00000,25.34300
25.00000,25.34300
25.00000,25.34300
25.00000,25.34300
25.00000,25.34300
25.00000,25.34300
25.00000,25.34300
25.00000,25.34200
25.00000,25.34200
25.00000,25.34200
25.00000,25.34200
25.00000,25.34200
25.00000,25.34200
25.00000,25.34200
25.00000,25.34200
25.00000,25.34100
25.00000,25.34100
25.00000,25.34100
25.00000,25.34100
25.00000,25.34100
25.00000,25.34100
25.00000,25.34100
25.00000,25.34100
25.00000,25.34000
25.00000,25.34000
25.00000,25.34000
25.00000,25.34000
25.00000,25.34000
25.00000,25.34000
25.00000,25.34000
25.00000,25.34000
25.00000,25.34000
25.00000,25.33900
25.00000,25.33900
25.00000,25.33900
25.00000,25.33900
25.00000,25.33900
25.00000,25.33900
25.00000,25.33900
25.00000,25.33900
25.00000,25.33800
25.00000,25.33800
25.00000,25.33800
25.00000,25.33800
25.00000,25.33800
25.00000,25.33800
25.00000,25.33800
25.00000,25.33800
25.00000,25.33700
25.00000,25.33700
25.00000,25.33700
25.00000,25.33700
25.00000,25.33700
25.00000,25.33700
25.00000,25.33700
25.00000,25.33700
25.00000,25.33700
25.00000,25.33600
25.00000,25.33600
25.00000,25.33600
25.00000,25.33600
25.00000,25.33600
25.00000,25.33600
25.00000,25.33600
25.00000,25.33600
25.00000,25.33500
25.00000,25.33500
25.00000,25.33500
25.00000,25.33500
25.00000,25.33500
25.00000,25.33500
25.00000,25.33500
25.00000,25.33500
25.00000,25.33500
25.00000,25.33400
25.00000,25.33400
25.00000,25.33400
25.00000,25.33400
25.00000,25.33400
25.00000,25.33400
25.00000,25.33400
25.00000,25.33400
25.00000,25.33300
25.00000,25.33300
25.00000,25.33300
25.00000,25.33300
25.00000,25.33300
25.00000,25.33300
25.00000,25.33300
25.00000,25.33300
25.00000,25.33300
25.00000,25.33200
25.00000,25.33200
25.00000,25.33200
25.00000,25.33200
25.00000,25.33200
25.00000,25.33200
25.00000,25.33200
25.00000,25.33200
25.00000,25.33100
25.00000,25.33100
25.00000,25.33100
25.00000,25.33100
25.00000,25.33100
25.00000,25.33100
25.00000,25.33100
25.00000,25.33100
25.00000,25.33100
25.00000,25.33000
25.00000,25.33000
25.00000,25.33000
25.00000,25.33000
25.00000,25.33000
25.00000,25.33000
25.00000,25.33000
25.00000,25.33000
25.00000,25.33000
25.00000,25.32900
25.00000,25.32900
25.00000,25.32900
25.00000,25.32900
25.00000,25.32900
25.00000,25.32900
25.00000,25.32900
25.00000,25.32900
25.00000,25.32900
25.00000,25.32800
25.00000,25.32800
25.00000,25.32800
25.00000,25.32800
25.00000,25.32800
25.00000,25.32800
25.00000,25.32800
25.00000,25.32800
25.00000,25.32700
25.00000,25.32700
25.00000,25.32700
25.00000,25.32700
25.00000,25.32700
25.00000,25.32700
25.00000,25.32700
25.00000,25.32700
25.00000,25.32700
25.00000,25.32600
25.00000,25.32600
25.00000,25.32600
25.00000,25.32600
25.00000,25.32600
25.00000,25.32600
25.00000,25.32600
25.00000,25.32600
25.00000,25.32600
25.00000,25.32500
25.00000,25.32500
25.00000,25.32500
25.00000,25.32500
25.00000,25.32500
25.00000,25.32500
25.00000,25.32500
25.00000,25.32500
25.00000,25.32500
25.00000,25.32400
25.00000,25.32400
25.00000,25.32400
25.00000,25.32400
25.00000,25.32400
25.00000,25.32400
25.00000,25.32400
25.00000,25.32400
25.00000,25.32400
25.00000,25.32300
25.00000,25.32300
25.00000,25.32300
25.00000,25.32300
25.00000,25.32300
25.00000,25.32300
25.00000,25.32300
25.00000,25.32300
25.00000,25.32300
25.00000,25.32300
25.00000,25.32200
25.00000,25.32200
25.00000,25.32200
25.00000,25.32200
25.00000,25.32200
25.00000,25.32200
25.00000,25.32200
25.00000,25.32200
25.00000,25.32200
25.00000,25.32100
25.00000,25.32100
25.00000,25.32100
25.00000,25.32100
25.00000,25.32100
25.00000,25.32100
25.00000,25.32100
25.00000,25.32100
25.00000,25.32100
25.00000,25.32000
25.00000,25.32000
25.00000,25.32000
25.00000,25.32000
25.00000,25.32000
25.00000,25.32000
25.00000,25.32000
25.00000,25.32000
25.00000,25.32000
25.00000,25.31900
25.00000,25.31900
25.00000,25.31900
25.00000,25.31900
25.00000,25.31900
25.00000,25.31900
25.00000,25.31900
25.00000,25.31900
25.00000,25.31900
25.00000,25.31900
25.00000,25.31800
25.00000,25.31800
25.00000,25.31800
25.00000,25.31800
25.00000,25.31800
25.00000,25.31800
25.00000,25.31800
25.00000,25.31800
25.00000,25.31800
25.00000,25.31700
25.00000,25.31700
25.00000,25.31700
25.00000,25.31700
25.00000,25.31700
25.00000,25.31700
25.00000,25.31700
25.00000,25.31700
25.00000,25.31700
25.00000,25.31700
25.00000,25.31600
25.00000,25.31600
25.00000,25.31600
25.00000,25.31600
25.00000,25.31600
25.00000,25.31600
25.00000,25.31600
25.00000,25.31600
25.00000,25.31600
25.00000,25.31500
25.00000,25.31500
25.00000,25.31500
25.00000,25.31500
25.00000,25.31500
25.00000,25.31500
25.00000,25.31500
25.00000,25.31500
25.00000,25.31500
25.00000,25.31500
25.00000,25.31400
25.00000,25.31400
25.00000,25.31400
25.00000,25.31400
25.00000,25.31400
25.00000,25.31400
25.00000,25.31400
25.00000,25.31400
25.00000,25.31400
25.00000,25.31300
25.00000,25.31300
25.00000,25.31300
25.00000,25.31300
25.00000,25.31300
25.00000,25.31300
25.00000,25.31300
25.00000,25.31300
25.00000,25.31300
25.00000,25.31300
25.00000,25.31200
25.00000,25.31200
25.00000,25.31200
25.00000,25.31200
25.00000,25.31200
25.00000,25.31200
25.00000,25.31200
25.00000,25.31200
25.00000,25.31200
25.00000,25.31200
25.00000,25.31100
25.00000,25.31100
25.00000,25.31100
25.00000,25.31100
25.00000,25.31100
25.00000,25.31100
25.00000,25.31100
25.00000,25.31100
25.00000,25.31100
25.00000,25.31100
25.00000,25.31000
25.00000,25.31000
25.00000,25.31000
25.00000,25.31000
25.00000,25.31000
25.00000,25.31000
25.00000,25.31000
25.00000,25.31000
25.00000,25.31000
25.00000,25.31000
25.00000,25.30900
25.00000,25.30900
25.00000,25.30900
25.00000,25.30900
25.00000,25.30900
25.00000,25.30900
25.00000,25.30900
25.00000,25.30900
25.00000,25.30900
25.00000,25.30900
25.00000,25.30800
25.00000,25.30800
25.00000,25.30800
25.00000,25.30800
25.00000,25.30800
25.00000,25.30800
25.00000,25.30800
25.00000,25.30800
25.00000,25.30800
25.00000,25.30800
25.00000,25.30700
25.00000,25.30700
25.00000,25.30700
25.00000,25.30700
25.00000,25.30700
25.00000,25.30700
25.00000,25.30700
25.00000,25.30700
25.00000,25.30700
25.00000,25.30700
25.00000,25.30600
25.00000,25.30600
25.00000,25.30600
25.00000,25.30600
25.00000,25.30600
25.00000,25.30600
25.00000,25.30600
25.00000,25.30600
25.00000,25.30600
25.00000,25.30600
25.00000,25.30500
25.00000,25.30500
25.00000,25.30500
25.00000,25.30500
25.00000,25.30500
25.00000,25.30500
25.00000,25.30500
25.00000,25.30500
25.00000,25.30500
25.00000,25.30500
25.00000,25.30400
25.00000,25.30400
25.00000,25.30400
25.00000,25.30400
25.00000,25.30400
25.00000,25.30400
25.00000,25.30400
25.00000,25.30400
25.00000,25.30400
25.00000,25.30400
25.00000,25.30300
25.00000,25.30300
25.00000,25.30300
25.00000,25.30300
25.00000,25.30300
25.00000,25.30300
25.00000,25.30300
25.00000,25.30300
25.00000,25.30300
25.00000,25.30300
25.00000,25.30300
25.00000,25.30200
25.00000,25.30200
25.00000,25.30200
25.00000,25.30200
25.00000,25.30200
25.00000,25.30200
25.00000,25.30200
25.00000,25.30200
25.00000,25.30200
25.00000,25.30200
25.00000,25.30100
25.00000,25.30100
25.00000,25.30100
25.00000,25.30100
25.00000,25.30100
25.00000,25.30100
25.00000,25.30100
25.00000,25.30100
25.00000,25.30100
25.00000,25.30100
25.00000,25.30100
25.00000,25.30000
25.00000,25.30000
25.00000,25.30000
25.00000,25.30000
25.00000,25.30000
25.00000,25.30000
25.00000,25.30000
25.00000,25.30000
25.00000,25.30000
25.00000,25.30000
25.00000,25.29900
25.00000,25.29900
25.00000,25.29900
25.00000,25.29900
25.00000,25.29900
25.00000,25.29900
25.00000,25.29900
25.00000,25.29900
25.00000,25.29900
25.00000,25.29900
25.00000,25.29900
25.00000,25.29800
25.00000,25.29800
25.00000,25.29800
25.00000,25.29800
25.00000,25.29800
25.00000,25.29800
25.00000,25.29800
25.00000,25.29800
25.00000,25.29800
25.00000,25.29800
25.00000,25.29800
25.00000,25.29700
25.00000,25.29700
25.00000,25.29700
25.00000,25.29700
25.00000,25.29700
25.00000,25.29700
25.00000,25.29700
25.00000,25.29700
25.00000,25.29700
25.00000,25.29700
25.00000,25.29700
25.00000,25.29600
25.00000,25.29600
25.00000,25.29600
25.00000,25.29600
25.00000,25.29600
25.00000,25.29600
25.00000,25.29600
25.00000,25.29600
25.00000,25.29600
25.00000,25.29600
25.00000,25.29500
25.00000,25.29500
25.00000,25.29500
25.00000,25.29500
25.00000,25.29500
25.00000,25.29500
25.00000,25.29500
25.00000,25.29500
25.00000,25.29500
25.00000,25.29500
25.00000,25.29500
25.00000,25.29400
25.00000,25.29400
25.00000,25.29400
25.00000,25.29400
25.00000,25.29400
25.00000,25.29400
25.00000,25.29400
25.00000,25.29400
25.00000,25.29400
25.00000,25.29400
25.00000,25.29400
25.00000,25.29300
25.00000,25.29300
25.00000,25.29300
25.00000,25.29300
25.00000,25.29300
25.00000,25.29300
25.00000,25.29300
25.00000,25.29300
25.00000,25.29300
25.00000,25.29300
25.00000,25.29300
25.00000,25.29200
25.00000,25.29200
25.00000,25.29200
25.00000,25.29200
25.00000,25.29200
25.00000,25.29200
25.00000,25.29200
25.00000,25.29200
25.00000,25.29200
25.00000,25.29200
25.00000,25.29200
25.00000,25.29200
25.00000,25.29100
25.00000,25.29100
25.00000,25.29100
25.00000,25.29100
25.00000,25.29100
25.00000,25.29100
25.00000,25.29100
25.00000,25.29100
25.00000,25.29100
25.00000,25.29100
25.00000,25.29100
25.00000,25.29000
25.00000,25.29000
25.00000,25.29000
25.00000,25.29000
25.00000,25.29000
25.00000,25.29000
25.00000,25.29000
25.00000,25.29000
25.00000,25.29000
25.00000,25.29000
25.00000,25.29000
25.00000,25.28900
25.00000,25.28900
25.00000,25.28900
25.00000,25.28900
25.00000,25.28900
25.00000,25.28900
25.00000,25.28900
25.00000,25.28900
25.00000,25.28900
25.00000,25.28900
25.00000,25.28900
25.00000,25.28900
25.00000,25.28800
25.00000,25.28800
25.00000,25.28800
25.00000,25.28800
25.00000,25.28800
25.00000,25.28800
25.00000,25.28800
25.00000,25.28800
25.00000,25.28800
25.00000,25.28800
25.00000,25.28800
25.00000,25.28700
25.00000,25.28700
25.00000,25.28700
25.00000,25.28700
25.00000,25.28700
25.00000,25.28700
25.00000,25.28700
25.00000,25.28700
25.00000,25.28700
25.00000,25.28700
25.00000,25.28700
25.00000,25.28700
25.00000,25.28600
25.00000,25.28600
25.00000,25.28600
25.00000,25.28600
25.00000,25.28600
25.00000,25.28600
25.00000,25.28600
25.00000,25.28600
25.00000,25.28600
25.00000,25.28600
25.00000,25.28600
25.00000,25.28500
25.00000,25.28500
25.00000,25.28500
25.00000,25.28500
25.00000,25.28500
25.00000,25.28500
25.00000,25.28500
25.00000,25.28500
25.00000,25.28500
25.00000,25.28500
25.00000,25.28500
25.00000,25.28500
25.00000,25.28400
25.00000,25.28400
25.00000,25.28400
25.00000,25.28400
25.00000,25.28400
25.00000,25.28400
25.00000,25.28400
25.00000,25.28400
25.00000,25.28400
25.00000,25.28400
25.00000,25.28400
25.00000,25.28400
25.00000,25.28300
25.00000,25.28300
25.00000,25.28300
25.00000,25.28300
25.00000,25.28300
25.00000,25.28300
25.00000,25.28300
25.00000,25.28300
25.00000,25.28300
25.00000,25.28300
25.00000,25.28300
25.00000,25.28300
25.00000,25.28200
25.00000,25.28200
25.00000,25.28200
25.00000,25.28200
25.00000,25.28200
25.00000,25.28200
25.00000,25.28200
25.00000,25.28200
25.00000,25.28200
25.00000,25.28200
25.00000,25.28200
25.00000,25.28200
25.00000,25.28100
25.00000,25.28100
25.00000,25.28100
25.00000,25.28100
25.00000,25.28100
25.00000,25.28100
25.00000,25.28100
25.00000,25.28100
25.00000,25.28100
25.00000,25.28100
25.00000,25.28100
25.00000,25.28100
25.00000,25.28000
25.00000,25.28000
25.00000,25.28000
25.00000,25.28000
25.00000,25.28000
25.00000,25.28000
25.00000,25.28000
25.00000,25.28000
25.00000,25.28000
25.00000,25.28000
25.00000,25.28000
25.00000,25.28000
25.00000,25.27900
25.00000,25.27900
25.00000,25.27900
25.00000,25.27900
25.00000,25.27900
25.00000,25.27900
25.00000,25.27900
25.00000,25.27900
25.00000,25.27900
25.00000,25.27900
25.00000,25.27900
25.00000,25.27900
25.00000,25.27800
25.00000,25.27800
25.00000,25.27800
25.00000,25.27800
25.00000,25.27800
25.00000,25.27800
25.00000,25.27800
25.00000,25.27800
25.00000,25.27800
25.00000,25.27800
25.00000,25.27800
25.00000,25.27800
25.00000,25.27800
25.00000,25.27700
25.00000,25.27700
25.00000,25.27700
25.00000,25.27700
25.00000,25.27700
25.00000,25.27700
25.00000,25.27700
25.00000,25.27700
25.00000,25.27700
25.00000,25.27700
25.00000,25.27700
25.00000,25.27700
25.00000,25.27600
25.00000,25.27600
25.00000,25.27600
25.00000,25.27600
25.00000,25.27600
25.00000,25.27600
25.00000,25.27600
25.00000,25.27600
25.00000,25.27600
25.00000,25.27600
25.00000,25.27600
25.00000,25.27600
25.00000,25.27500
25.00000,25.27500
25.00000,25.27500
25.00000,25.27500
25.00000,25.27500
25.00000,25.27500
25.00000,25.27500
25.00000,25.27500
25.00000,25.27500
25.00000,25.27500
25.00000,25.27500
25.00000,25.27500
25.00000,25.27500
25.00000,25.27400
25.00000,25.27400
25.00000,25.27400
25.00000,25.27400
25.00000,25.27400
25.00000,25.27400
25.00000,25.27400
25.00000,25.27400
25.00000,25.27400
25.00000,25.27400
25.00000,25.27400
25.00000,25.27400
25.00000,25.27400
25.00000,25.27300
25.00000,25.27300
25.00000,25.27300
25.00000,25.27300
25.00000,25.27300
25.00000,25.27300
25.00000,25.27300
25.00000,25.27300
25.00000,25.27300
25.00000,25.27300
25.00000,25.27300
25.00000,25.27300
25.00000,25.27300
25.00000,25.27200
25.00000,25.27200
25.00000,25.27200
25.00000,25.27200
25.00000,25.27200
25.00000,25.27200
25.00000,25.27200
25.00000,25.27200
25.00000,25.27200
25.00000,25.27200
25.00000,25.27200
25.00000,25.27200
25.00000,25.27100
25.00000,25.27100
25.00000,25.27100
25.00000,25.27100
25.00000,25.27100
25.00000,25.27100
25.00000,25.27100
25.00000,25.27100
25.00000,25.27100
25.00000,25.27100
25.00000,25.27100
25.00000,25.27100
25.00000,25.27100
25.00000,25.27000
25.00000,25.27000
25.00000,25.27000
25.00000,25.27000
25.00000,25.27000
25.00000,25.27000
25.00000,25.27000
25.00000,25.27000
25.00000,25.27000
25.00000,25.27000
25.00000,25.27000
25.00000,25.27000
25.00000,25.27000
25.00000,25.26900
25.00000,25.26900
25.00000,25.26900
25.00000,25.26900
25.00000,25.26900
25.00000,25.26900
25.00000,25.26900
25.00000,25.26900
25.00000,25.26900
25.00000,25.26900
25.00000,25.26900
25.00000,25.26900
25.00000,25.26900
25.00000,25.26900
25.00000,25.26800
25.00000,25.26800
25.00000,25.26800
25.00000,25.26800
25.00000,25.26800
25.00000,25.26800
25.00000,25.26800
25.00000,25.26800
25.00000,25.26800
25.00000,25.26800
25.00000,25.26800
25.00000,25.26800
25.00000,25.26800
25.00000,25.26700
25.00000,25.26700
25.00000,25.26700
25.00000,25.26700
25.00000,25.26700
25.00000,25.26700
25.00000,25.26700
25.00000,25.26700
25.00000,25.26700
25.00000,25.26700
25.00000,25.26700
25.00000,25.26700
25.00000,25.26700
25.00000,25.26600
25.00000,25.26600
25.00000,25.26600
25.00000,25.26600
25.00000,25.26600
25.00000,25.26600
25.00000,25.26600
25.00000,25.26600
25.00000,25.26600
25.00000,25.26600
25.00000,25.26600
25.00000,25.26600
25.00000,25.26600
25.00000,25.26600
25.00000,25.26500
25.00000,25.26500
25.00000,25.26500
25.00000,25.26500
25.00000,25.26500
25.00000,25.26500
25.00000,25.26500
25.00000,25.26500
25.00000,25.26500
25.00000,25.26500
25.00000,25.26500
25.00000,25.26500
25.00000,25.26500
25.00000,25.26400
25.00000,25.26400
25.00000,25.26400
25.00000,25.26400
25.00000,25.26400
25.00000,25.26400
25.00000,25.26400
25.00000,25.26400
25.00000,25.26400
25.00000,25.26400
25.00000,25.26400
25.00000,25.26400
25.00000,25.26400
25.00000,25.26400
25.00000,25.26300
25.00000,25.26300
25.00000,25.26300
25.00000,25.26300
25.00000,25.26300
25.00000,25.26300
25.00000,25.26300
25.00000,25.26300
25.00000,25.26300
25.00000,25.26300
25.00000,25.26300
25.00000,25.26300
25.00000,25.26300
25.00000,25.26300
25.00000,25.26200
25.00000,25.26200
25.00000,25.26200
25.00000,25.26200
25.00000,25.26200
25.00000,25.26200
25.00000,25.26200
25.00000,25.26200
25.00000,25.26200
25.00000,25.26200
25.00000,25.26200
25.00000,25.26200
25.00000,25.26200
25.00000,25.26200
25.00000,25.26100
25.00000,25.26100
25.00000,25.26100
25.00000,25.26100
25.00000,25.26100
25.00000,25.26100
25.00000,25.26100
25.00000,25.26100
25.00000,25.26100
25.00000,25.26100
25.00000,25.26100
25.00000,25.26100
25.00000,25.26100
25.00000,25.26100
25.00000,25.26000
25.00000,25.26000
25.00000,25.26000
25.00000,25.26000
25.00000,25.26000
25.00000,25.26000
25.00000,25.26000
25.00000,25.26000
25.00000,25.26000
25.00000,25.26000
25.00000,25.26000
25.00000,25.26000
25.00000,25.26000
25.00000,25.26000
25.00000,25.25900
25.00000,25.25900
25.00000,25.25900
25.00000,25.25900
25.00000,25.25900
25.00000,25.25900
25.00000,25.25900
25.00000,25.25900
25.00000,25.25900
25.00000,25.25900
25.00000,25.25900
25.00000,25.25900
25.00000,25.25900
25.00000,25.25900
25.00000,25.25800
25.00000,25.25800
25.00000,25.25800
25.00000,25.25800
25.00000,25.25800
25.00000,25.25800
25.00000,25.25800
25.00000,25.25800
25.00000,25.25800
25.00000,25.25800
25.00000,25.25800
25.00000,25.25800
25.00000,25.25800
25.00000,25.25800
25.00000,25.25700
25.00000,25.25700
25.00000,25.25700
25.00000,25.25700
25.00000,25.25700
25.00000,25.25700
25.00000,25.25700
25.00000,25.25700
25.00000,25.25700
25.00000,25.25700
25.00000,25.25700
25.00000,25.25700
25.00000,25.25700
25.00000,25.25700
25.00000,25.25700
25.00000,25.25600
25.00000,25.25600
25.00000,25.25600
25.00000,25.25600
25.00000,25.25600
25.00000,25.25600
25.00000,25.25600
25.00000,25.25600
25.00000,25.25600
25.00000,25.25600
25.00000,25.25600
25.00000,25.25600
25.00000,25.25600
25.00000,25.25600
25.00000,25.25500
25.00000,25.25500
25.00000,25.25500
25.00000,25.25500
25.00000,25.25500
25.00000,25.25500
25.00000,25.25500
25.00000,25.25500
25.00000,25.25500
25.00000,25.25500
25.00000,25.25500
25.00000,25.25500
25.00000,25.25500
25.00000,25.25500
25.00000,25.25500
25.00000,25.25400
25.00000,25.25400
25.00000,25.25400
25.00000,25.25400
25.00000,25.25400
25.00000,25.25400
25.00000,25.25400
25.00000,25.25400
25.00000,25.25400
25.00000,25.25400
25.00000,25.25400
25.00000,25.25400
25.00000,25.25400
25.00000,25.25400
25.00000,25.25400
25.00000,25.25300
25.00000,25.25300
25.00000,25.25300
25.00000,25.25300
4.65100,25.24800
125.00000,25.27400
111.11100,25.29700
111.11100,25.32000
111.11100,25.34300
111.11100,25.36500
47.61900,25.37100
25.00000,25.37100
25.00000,25.37100
25.00000,25.37100
25.00000,25.37100
25.00000,25.37100
25.00000,25.37100
25.00000,25.37100
25.00000,25.37100
25.00000,25.37000
25.00000,25.37000
25.00000,25.37000
25.00000,25.37000
20.83300,25.36900
31.25000,25.37000
25.00000,25.37000
25.00000,25.37000
25.00000,25.37000
25.00000,25.37000
25.00000,25.37000
25.00000,25.37000
25.00000,25.37000
25.00000,25.37000
25.00000,25.37000
25.00000,25.36900
25.00000,25.36900
25.00000,25.36900
25.00000,25.36900
25.00000,25.36900
23.25600,25.36900
27.02700,25.36900
25.00000,25.36900
25.00000,25.36900
25.00000,25.36900
25.00000,25.36900
25.00000,25.36800
25.00000,25.36800
25.00000,25.36800
25.00000,25.36800
25.00000,25.36800
25.00000,25.36800
25.00000,25.36800
25.00000,25.36800
25.00000,25.36800
25.00000,25.36800
23.81000,25.36700
26.31600,25.36700
25.00000,25.36700
25.00000,25.36700
25.00000,25.36700
25.00000,25.36700
25.00000,25.36700
25.00000,25.36700
25.00000,25.36700
25.00000,25.36700
25.00000,25.36700
25.00000,25.36700
25.00000,25.36600
25.00000,25.36600
25.00000,25.36600
25.00000,25.36600
25.00000,25.36600
25.00000,25.36600
25.00000,25.36600
25.00000,25.36600
25.00000,25.36600
25.00000,25.36600
25.00000,25.36500
25.00000,25.36500
25.00000,25.36500
25.00000,25.36500
25.00000,25.36500
25.00000,25.36500
25.00000,25.36500
25.00000,25.36500
25.00000,25.36500
25.00000,25.36500
25.00000,25.36500
24.39000,25.36400
25.64100,25.36400
25.00000,25.36400
25.00000,25.36400
25.00000,25.36400
25.00000,25.36400
25.00000,25.36400
25.00000,25.36400
25.00000,25.36400
25.00000,25.36400
25.00000,25.36300
25.00000,25.36300
25.00000,25.36300
25.00000,25.36300
25.00000,25.36300
25.00000,25.36300
25.00000,25.36300
25.00000,25.36300
21.73900,25.36200
29.41200,25.36300
25.00000,25.36300
25.00000,25.36300
25.00000,25.36300
25.00000,25.36300
25.00000,25.36200
25.00000,25.36200
25.00000,25.36200
25.00000,25.36200
25.00000,25.36200
25.00000,25.36200
25.00000,25.36200
25.00000,25.36200
25.00000,25.36200
25.00000,25.36200
21.27700,25.36100
30.30300,25.36200
25.00000,25.36200
25.00000,25.36200
25.00000,25.36200
25.00000,25.36100
25.00000,25.36100
25.00000,25.36100
25.00000,25.36100
25.00000,25.36100
25.00000,25.36100
25.00000,25.36100
25.00000,25.36100
25.00000,25.36100
25.00000,25.36100
25.00000,25.36100
25.00000,25.36000
25.00000,25.36000
25.00000,25.36000
25.00000,25.36000
25.00000,25.36000
25.00000,25.36000
25.00000,25.36000
25.00000,25.36000
25.00000,25.36000
25.00000,25.36000
25.00000,25.36000
25.00000,25.35900
25.00000,25.35900
25.00000,25.35900
25.00000,25.35900
25.00000,25.35900
25.00000,25.35900
25.00000,25.35900
25.00000,25.35900
25.00000,25.35900
25.00000,25.35900
25.00000,25.35900
25.00000,25.35800
25.00000,25.35800
25.00000,25.35800
25.00000,25.35800
25.00000,25.35800
25.00000,25.35800
25.00000,25.35800
25.00000,25.35800
25.00000,25.35800
25.00000,25.35800
25.00000,25.35800
25.00000,25.35700
25.00000,25.35700
25.00000,25.35700
25.00000,25.35700
25.00000,25.35700
25.00000,25.35700
25.00000,25.35700
25.00000,25.35700
25.00000,25.35700
25.00000,25.35700
25.00000,25.35700
25.00000,25.35600
25.00000,25.35600
25.00000,25.35600
25.00000,25.35600
25.00000,25.35600
25.00000,25.35600
25.00000,25.35600
25.00000,25.35600
25.00000,25.35600
25.00000,25.35600
25.00000,25.35600
25.00000,25.35500
25.00000,25.35500
25.00000,25.35500
25.00000,25.35500
25.00000,25.35500
25.00000,25.35500
25.00000,25.35500
25.00000,25.35500
25.00000,25.35500
25.00000,25.35500
25.00000,25.35500
25.00000,25.35400
25.00000,25.35400
25.00000,25.35400
25.00000,25.35400
25.00000,25.35400
25.00000,25.35400
25.00000,25.35400
25.00000,25.35400
25.00000,25.35400
25.00000,25.35400
25.00000,25.35400
25.00000,25.35300
25.00000,25.35300
25.00000,25.35300
25.00000,25.35300
25.00000,25.35300
25.00000,25.35300
25.00000,25.35300
25.00000,25.35300
25.00000,25.35300
25.00000,25.35300
25.00000,25.35300
25.00000,25.35200
25.00000,25.35200
25.00000,25.35200
25.00000,25.35200
25.00000,25.35200
25.00000,25.35200
25.00000,25.35200
25.00000,25.35200
25.00000,25.35200
25.00000,25.35200
25.00000,25.35200
25.00000,25.35200
25.00000,25.35100
25.00000,25.35100
25.00000,25.35100
25.00000,25.35100
25.00000,25.35100
25.00000,25.35100
25.00000,25.35100
25.00000,25.35100
25.00000,25.35100
25.00000,25.35100
25.00000,25.35100
25.00000,25.35000
25.00000,25.35000
25.00000,25.35000
25.00000,25.35000
25.00000,25.35000
25.00000,25.35000
25.00000,25.35000
25.00000,25.35000
25.00000,25.35000
25.00000,25.35000
25.00000,25.35000
25.00000,25.34900
25.00000,25.34900
25.00000,25.34900
25.00000,25.34900
25.00000,25.34900
25.00000,25.34900
25.00000,25.34900
25.00000,25.34900
25.00000,25.34900
25.00000,25.34900
25.00000,25.34900
25.00000,25.34900
25.00000,25.34800
25.00000,25.34800
25.00000,25.34800
25.00000,25.34800
25.00000,25.34800
25.00000,25.34800
25.00000,25.34800
25.00000,25.34800
25.00000,25.34800
25.00000,25.34800
25.00000,25.34800
25.00000,25.34800
25.00000,25.34700
25.00000,25.34700
25.00000,25.34700
25.00000,25.34700
25.00000,25.34700
25.00000,25.34700
25.00000,25.34700
25.00000,25.34700
25.00000,25.34700
25.00000,25.34700
25.00000,25.34700
25.00000,25.34600
25.00000,25.34600
25.00000,25.34600
25.00000,25.34600
25.00000,25.34600
25.00000,25.34600
25.00000,25.34600
25.00000,25.34600
25.00000,25.34600
25.00000,25.34600
25.00000,25.34600
25.00000,25.34600
25.00000,25.34500
25.00000,25.34500
25.00000,25.34500
25.00000,25.34500
25.00000,25.34500
25.00000,25.34500
25.00000,25.34500
25.00000,25.34500
25.00000,25.34500
25.00000,25.34500
25.00000,25.34500
25.00000,25.34500
25.00000,25.34400
25.00000,25.34400
25.00000,25.34400
25.00000,25.34400
25.00000,25.34400
25.00000,25.34400
25.00000,25.34400
25.00000,25.34400
25.00000,25.34400
25.00000,25.34400
25.00000,25.34400
25.00000,25.34400
25.00000,25.34300
25.00000,25.34300
25.00000,25.34300
25.00000,25.34300
25.00000,25.34300
25.00000,25.34300
25.00000,25.34300
